video_id,video_summary
1,"(45.64685, -50.359783)"
10,"(19.202194, -23.585752)"
100,"(18.458042, -24.013468)"
1000,"(19.39504, -24.505451)"
1001,"(15.9984, -20.270277)"
1002,"(56.15956, -70.5165)"
1003,"(33.75711, -42.19795)"
1004,"(19.7612, -24.522886)"
1005,"(16.771355, -20.996368)"
1006,"(58.75046, -72.92123)"
1007,"(37.167336, -43.26295)"
1008,"(20.96221, -26.705212)"
1009,"(39.031742, -46.496956)"
101,"(40.35659, -51.005157)"
1010,"(17.846107, -23.181368)"
1011,"(35.45311, -45.15571)"
1012,"(18.440235, -23.854223)"
1013,"(18.913391, -23.767632)"
1014,"(17.89908, -23.55599)"
1015,"(31.713661, -36.828827)"
1016,"(19.616354, -24.567265)"
1017,"(19.465794, -24.488342)"
1018,"(19.441454, -24.583788)"
1019,"(44.930866, -48.826927)"
102,"(18.72262, -23.533205)"
1020,"(19.452232, -24.115313)"
1021,"(19.846268, -24.95011)"
1022,"(18.00164, -22.418034)"
1023,"(34.420044, -41.240982)"
1024,"(23.937513, -30.803621)"
1025,"(19.001919, -23.583641)"
1026,"(21.026752, -26.700342)"
1027,"(19.036823, -24.098986)"
1028,"(19.881748, -24.57547)"
1029,"(27.341677, -42.591606)"
103,"(24.663916, -32.942955)"
1030,"(23.27684, -33.634937)"
1031,"(65.49807, -81.66721)"
1032,"(18.355923, -23.824366)"
1033,"(21.764591, -33.784786)"
1034,"(19.072838, -23.771498)"
1035,"(17.85973, -22.469)"
1036,"(19.339329, -23.816015)"
1037,"(37.905174, -41.268543)"
1038,"(40.272896, -51.49909)"
1039,"(18.671408, -23.467222)"
104,"(19.397038, -24.535112)"
1040,"(25.89507, -39.899048)"
1041,"(18.590755, -23.65997)"
1042,"(17.98742, -23.384062)"
1043,"(25.93511, -33.62121)"
1044,"(24.280811, -30.905573)"
1045,"(29.358673, -38.438805)"
1046,"(29.21925, -38.109604)"
1047,"(35.02143, -40.562656)"
1048,"(19.697971, -24.433432)"
1049,"(18.948984, -23.885202)"
105,"(26.22051, -39.51752)"
1050,"(18.449123, -23.26556)"
1051,"(18.868872, -23.820507)"
1052,"(16.706198, -21.568338)"
1053,"(20.111622, -24.834772)"
1054,"(18.207771, -22.035769)"
1055,"(17.102024, -22.775917)"
1056,"(19.026966, -23.392277)"
1057,"(19.154953, -24.024813)"
1058,"(19.614428, -24.64332)"
1059,"(18.18705, -23.700035)"
106,"(22.84365, -29.354437)"
1060,"(22.348032, -28.752623)"
1061,"(18.167452, -23.679398)"
1062,"(31.256832, -36.875603)"
1063,"(19.036692, -24.140696)"
1064,"(34.286644, -44.937893)"
1065,"(28.0498, -43.21201)"
1066,"(18.91911, -23.10721)"
1067,"(19.207619, -24.00406)"
1068,"(19.373985, -23.918383)"
1069,"(47.37239, -59.467896)"
107,"(34.878796, -44.557693)"
1070,"(23.7693, -32.74356)"
1071,"(31.728886, -37.495735)"
1072,"(52.613747, -78.24117)"
1073,"(26.04181, -33.870926)"
1074,"(16.069405, -20.25861)"
1075,"(32.90931, -45.908844)"
1076,"(33.26395, -37.959988)"
1077,"(18.343838, -22.89932)"
1078,"(31.596262, -37.339466)"
1079,"(18.226105, -23.779783)"
108,"(38.767746, -51.872837)"
1080,"(20.090027, -25.192968)"
1081,"(29.91752, -40.813305)"
1082,"(18.633106, -23.758602)"
1083,"(30.84323, -41.054993)"
1084,"(47.014572, -50.67109)"
1085,"(19.267443, -23.865429)"
1086,"(29.930733, -41.505787)"
1087,"(19.345165, -24.135098)"
1088,"(18.835054, -23.818464)"
1089,"(24.074764, -30.338259)"
109,"(19.60722, -24.69559)"
1090,"(28.673573, -36.566086)"
1091,"(35.090218, -48.134808)"
1092,"(37.3376, -46.567566)"
1093,"(28.11703, -42.349022)"
1094,"(19.409048, -24.444914)"
1095,"(21.495186, -27.428564)"
1096,"(18.86753, -23.935793)"
1097,"(17.679657, -22.576378)"
1098,"(39.17629, -46.620842)"
1099,"(36.83561, -42.749912)"
11,"(21.902102, -27.759037)"
110,"(31.081549, -41.20828)"
1100,"(44.608932, -56.176716)"
1101,"(18.658375, -22.791576)"
1102,"(41.485695, -47.420876)"
1103,"(17.898966, -23.737692)"
1104,"(36.951126, -44.826668)"
1105,"(21.122004, -26.831804)"
1106,"(40.277573, -51.49533)"
1107,"(18.214016, -23.69751)"
1108,"(22.113491, -27.674726)"
1109,"(34.758785, -45.190445)"
111,"(26.581772, -33.263054)"
1110,"(15.212842, -19.655876)"
1111,"(54.840416, -60.349876)"
1112,"(32.344894, -36.8585)"
1113,"(26.596796, -34.452015)"
1114,"(26.48609, -33.165485)"
1115,"(24.293411, -34.300304)"
1116,"(18.897932, -23.997204)"
1117,"(17.788418, -22.033377)"
1118,"(36.514534, -44.500153)"
1119,"(28.987892, -36.918316)"
112,"(19.763733, -24.654385)"
1120,"(35.65497, -51.00669)"
1121,"(47.03832, -62.3971)"
1122,"(18.885345, -23.325617)"
1123,"(17.634342, -22.596216)"
1124,"(26.513706, -33.557373)"
1125,"(26.478136, -33.93377)"
1126,"(17.280033, -21.792242)"
1127,"(19.439829, -24.550167)"
1128,"(18.374212, -23.823744)"
1129,"(23.163942, -31.134527)"
113,"(20.235125, -24.987316)"
1130,"(19.363022, -24.036598)"
1131,"(48.03373, -53.941315)"
1132,"(17.135025, -21.514254)"
1133,"(32.06105, -37.68827)"
1134,"(18.416039, -23.419943)"
1135,"(36.452904, -40.063248)"
1136,"(26.163345, -33.618164)"
1137,"(16.656384, -20.439095)"
1138,"(17.452265, -23.253479)"
1139,"(20.15013, -24.561983)"
114,"(35.411884, -45.229378)"
1140,"(19.525835, -24.573679)"
1141,"(26.883373, -35.62819)"
1142,"(17.615873, -22.5794)"
1143,"(26.798168, -36.629288)"
1144,"(18.299925, -23.76116)"
1145,"(31.909344, -51.346867)"
1146,"(34.708595, -44.45003)"
1147,"(26.894684, -35.58338)"
1148,"(19.176945, -23.559185)"
1149,"(35.064453, -48.46928)"
115,"(20.795834, -26.839884)"
1150,"(33.089626, -51.122356)"
1151,"(40.64141, -55.487812)"
1152,"(17.601149, -22.492779)"
1153,"(19.822039, -24.911283)"
1154,"(16.895256, -21.477354)"
1155,"(18.375593, -23.423483)"
1156,"(18.6704, -23.522005)"
1157,"(25.524801, -32.973503)"
1158,"(18.975561, -23.530495)"
1159,"(19.667686, -24.525866)"
116,"(26.973892, -33.97565)"
1160,"(18.942307, -23.292894)"
1161,"(20.009254, -24.974985)"
1162,"(24.24976, -30.874033)"
1163,"(18.785938, -23.512049)"
1164,"(58.337692, -72.861)"
1165,"(18.970686, -23.858387)"
1166,"(34.248886, -44.796932)"
1167,"(18.246191, -22.811152)"
1168,"(21.274582, -27.058973)"
1169,"(19.6623, -24.51151)"
117,"(19.156569, -23.572971)"
1170,"(19.12351, -23.859344)"
1171,"(35.4917, -46.233963)"
1172,"(35.68364, -46.290638)"
1173,"(18.458862, -23.381128)"
1174,"(19.651007, -24.83208)"
1175,"(21.623878, -27.857756)"
1176,"(19.534958, -24.413296)"
1177,"(44.118378, -55.8188)"
1178,"(18.837605, -23.150524)"
1179,"(19.193867, -23.280802)"
118,"(27.29773, -34.345078)"
1180,"(17.552052, -21.748579)"
1181,"(18.65519, -22.982212)"
1182,"(47.246048, -65.62552)"
1183,"(18.652681, -23.348457)"
1184,"(69.37969, -68.02515)"
1185,"(28.759495, -35.789806)"
1186,"(18.588242, -23.568422)"
1187,"(18.298779, -23.819916)"
1188,"(18.978891, -23.9166)"
1189,"(28.461369, -36.347122)"
119,"(19.853333, -24.97877)"
1190,"(18.023615, -22.8091)"
1191,"(20.111439, -25.112823)"
1192,"(26.315472, -33.790726)"
1193,"(25.896093, -34.15267)"
1194,"(27.525238, -34.63697)"
1195,"(18.263468, -22.791224)"
1196,"(18.842594, -23.112309)"
1197,"(19.129303, -22.186726)"
1198,"(19.545055, -24.51572)"
1199,"(24.517693, -35.914787)"
12,"(19.384293, -24.273466)"
120,"(20.824986, -25.781906)"
1200,"(19.786634, -24.954157)"
1201,"(38.580963, -49.861458)"
1202,"(41.468708, -54.085606)"
1203,"(41.60797, -54.08758)"
1204,"(29.930195, -38.044373)"
1205,"(18.688948, -23.73601)"
1206,"(19.404205, -23.992907)"
1207,"(18.83281, -23.7638)"
1208,"(16.820297, -21.021006)"
1209,"(17.822056, -23.570173)"
121,"(41.78842, -54.400093)"
1210,"(38.594593, -46.127285)"
1211,"(68.33601, -101.0338)"
1212,"(22.633667, -28.34244)"
1213,"(26.256962, -33.771515)"
1214,"(31.167385, -42.85107)"
1215,"(35.13025, -40.570732)"
1216,"(18.971142, -23.234806)"
1217,"(18.67517, -23.828043)"
1218,"(21.525543, -27.902369)"
1219,"(16.291782, -20.970003)"
122,"(19.421228, -24.484165)"
1220,"(15.411385, -18.891897)"
1221,"(20.58367, -27.896448)"
1222,"(55.426113, -64.15489)"
1223,"(20.63453, -26.375257)"
1224,"(16.807852, -21.015337)"
1225,"(17.741152, -22.366404)"
1226,"(42.4123, -47.88144)"
1227,"(18.974586, -23.557602)"
1228,"(20.219664, -24.728186)"
1229,"(19.348007, -24.36052)"
123,"(37.29077, -43.218006)"
1230,"(45.470833, -49.73157)"
1231,"(18.77808, -23.571587)"
1232,"(26.023094, -33.01866)"
1233,"(19.403448, -23.734396)"
1234,"(17.676842, -21.984043)"
1235,"(40.7019, -45.28224)"
1236,"(19.681515, -24.751211)"
1237,"(18.924492, -23.879692)"
1238,"(44.341133, -53.141922)"
1239,"(50.380966, -61.550682)"
124,"(22.764463, -30.795849)"
1240,"(19.212193, -24.044436)"
1241,"(19.044106, -23.139853)"
1242,"(21.40139, -26.760368)"
1243,"(15.646979, -18.94863)"
1244,"(18.647266, -23.801054)"
1245,"(24.062311, -33.597435)"
1246,"(55.03818, -63.567093)"
1247,"(37.26638, -43.05351)"
1248,"(19.908218, -24.858185)"
1249,"(19.609745, -24.773022)"
125,"(32.57764, -40.786488)"
1250,"(13.987002, -18.801107)"
1251,"(20.055872, -24.731432)"
1252,"(29.526958, -38.659634)"
1253,"(20.12542, -25.023073)"
1254,"(18.389366, -23.036947)"
1255,"(19.351234, -24.452858)"
1256,"(23.005276, -33.06099)"
1257,"(19.833319, -24.654444)"
1258,"(19.663662, -24.501497)"
1259,"(25.9949, -39.260708)"
126,"(34.17782, -44.859055)"
1260,"(43.06959, -48.604614)"
1261,"(20.037971, -25.05105)"
1262,"(18.757645, -22.59041)"
1263,"(46.17176, -62.410988)"
1264,"(20.211649, -24.648205)"
1265,"(31.151115, -41.345936)"
1266,"(31.227604, -41.488956)"
1267,"(77.58911, -102.57565)"
1268,"(47.65001, -57.858257)"
1269,"(37.73613, -48.530476)"
127,"(19.366474, -23.422098)"
1270,"(18.429504, -23.047253)"
1271,"(19.971352, -24.620424)"
1272,"(20.184437, -25.367285)"
1273,"(44.6902, -53.833122)"
1274,"(18.701035, -23.805437)"
1275,"(18.917393, -23.192402)"
1276,"(18.417288, -23.512823)"
1277,"(23.303833, -30.144228)"
1278,"(24.42125, -30.734991)"
1279,"(20.11672, -24.778002)"
128,"(28.592535, -41.5113)"
1280,"(27.530977, -42.814823)"
1281,"(18.110226, -22.98412)"
1282,"(19.124395, -24.249104)"
1283,"(15.81328, -18.665844)"
1284,"(18.37121, -23.484884)"
1285,"(23.378204, -30.085205)"
1286,"(18.757036, -23.547386)"
1287,"(17.448269, -21.724283)"
1288,"(18.840467, -23.970716)"
1289,"(27.609207, -34.602844)"
129,"(17.069244, -21.960175)"
1290,"(18.677694, -23.221083)"
1291,"(42.759613, -58.128227)"
1292,"(26.190372, -31.857805)"
1293,"(16.365112, -22.06515)"
1294,"(22.491438, -29.32665)"
1295,"(39.344513, -49.66443)"
1296,"(19.921162, -24.44931)"
1297,"(20.10056, -25.17792)"
1298,"(19.377281, -24.378628)"
1299,"(24.210415, -31.113243)"
13,"(20.485287, -27.829592)"
130,"(18.177338, -21.54849)"
1300,"(26.036114, -33.142868)"
1301,"(19.489952, -24.735708)"
1302,"(33.435413, -44.663544)"
1303,"(19.667473, -24.702475)"
1304,"(35.660892, -42.25453)"
1305,"(18.62174, -23.559286)"
1306,"(58.874924, -85.827995)"
1307,"(40.95414, -44.989647)"
1308,"(19.739506, -24.569618)"
1309,"(19.026752, -24.186777)"
131,"(35.876747, -45.538532)"
1310,"(19.839352, -24.566643)"
1311,"(30.002272, -35.066082)"
1312,"(18.082565, -22.670513)"
1313,"(19.613823, -24.572243)"
1314,"(19.123718, -24.03774)"
1315,"(28.130198, -37.573177)"
1316,"(22.54046, -28.534405)"
1317,"(19.272654, -24.107061)"
1318,"(31.896467, -36.966286)"
1319,"(37.71079, -51.624847)"
132,"(16.765009, -20.994946)"
1320,"(23.605034, -32.840534)"
1321,"(27.618965, -44.0456)"
1322,"(19.649939, -24.624807)"
1323,"(33.467003, -42.302406)"
1324,"(18.417751, -22.793474)"
1325,"(19.774733, -24.938429)"
1326,"(20.998178, -30.520502)"
1327,"(18.766003, -23.550985)"
1328,"(15.191483, -19.117878)"
1329,"(34.145184, -40.996395)"
133,"(35.93189, -46.57538)"
1330,"(17.237862, -22.772654)"
1331,"(19.33549, -24.122393)"
1332,"(24.698627, -33.25142)"
1333,"(19.598282, -24.813698)"
1334,"(50.634613, -64.95676)"
1335,"(24.131027, -30.477095)"
1336,"(23.448467, -32.489746)"
1337,"(29.420013, -38.597446)"
1338,"(23.05452, -28.50914)"
1339,"(23.354746, -29.657396)"
134,"(17.816618, -22.437338)"
1340,"(34.36241, -37.499588)"
1341,"(18.309597, -23.317772)"
1342,"(49.18298, -65.11449)"
1343,"(26.784939, -34.389656)"
1344,"(25.577736, -34.040512)"
1345,"(41.59393, -44.792202)"
1346,"(19.501633, -24.152906)"
1347,"(30.146635, -37.452602)"
1348,"(19.57492, -24.449804)"
1349,"(20.11617, -25.216522)"
135,"(31.78475, -42.50666)"
1350,"(27.698385, -36.136585)"
1351,"(47.195206, -58.76099)"
1352,"(19.22269, -22.945286)"
1353,"(19.408743, -24.51575)"
1354,"(19.57302, -24.32284)"
1355,"(33.247536, -42.58064)"
1356,"(19.49383, -24.199148)"
1357,"(16.697758, -22.120472)"
1358,"(17.545998, -22.096153)"
1359,"(19.891056, -24.930166)"
136,"(17.218906, -22.31245)"
1360,"(19.540714, -24.22856)"
1361,"(38.002243, -45.555058)"
1362,"(18.590801, -23.699636)"
1363,"(19.225817, -24.072252)"
1364,"(66.38247, -88.70646)"
1365,"(25.313107, -35.83764)"
1366,"(26.275082, -33.829823)"
1367,"(17.68718, -22.563196)"
1368,"(20.031158, -24.953543)"
1369,"(15.850556, -21.892881)"
137,"(23.022076, -33.022663)"
1370,"(19.808008, -24.863174)"
1371,"(17.395103, -21.709196)"
1372,"(20.5822, -27.80939)"
1373,"(39.775715, -56.984444)"
1374,"(18.40849, -23.819191)"
1375,"(38.039528, -47.698418)"
1376,"(19.813248, -24.844772)"
1377,"(20.065449, -25.159119)"
1378,"(19.20242, -23.27237)"
1379,"(37.611282, -45.49995)"
138,"(39.38002, -49.57661)"
1380,"(19.103256, -23.801352)"
1381,"(16.046238, -20.493433)"
1382,"(24.695042, -34.328747)"
1383,"(27.252632, -38.396523)"
1384,"(19.30139, -23.830324)"
1385,"(17.963531, -22.635668)"
1386,"(24.342453, -32.812588)"
1387,"(20.948051, -26.660395)"
1388,"(19.438297, -24.545332)"
1389,"(18.807426, -23.534525)"
139,"(35.82715, -42.49324)"
1390,"(37.274677, -47.26214)"
1391,"(19.48149, -24.749743)"
1392,"(19.45683, -24.133684)"
1393,"(34.27406, -43.86503)"
1394,"(22.872063, -28.413317)"
1395,"(22.63851, -30.80461)"
1396,"(17.110931, -22.777155)"
1397,"(18.680946, -23.130873)"
1398,"(18.994328, -23.857918)"
1399,"(50.044296, -63.84011)"
14,"(19.562912, -24.436037)"
140,"(17.30455, -21.27821)"
1400,"(33.310703, -42.65998)"
1401,"(17.810194, -22.637947)"
1402,"(50.382072, -64.898254)"
1403,"(19.23609, -23.858255)"
1404,"(40.604816, -52.222885)"
1405,"(19.807419, -24.619963)"
1406,"(30.395473, -39.670086)"
1407,"(19.846031, -24.681341)"
1408,"(34.870068, -45.47977)"
1409,"(44.774433, -52.748768)"
141,"(24.097038, -30.376863)"
1410,"(18.344076, -23.816462)"
1411,"(19.580822, -24.73154)"
1412,"(19.36354, -24.527073)"
1413,"(18.432928, -23.559544)"
1414,"(35.704765, -42.35031)"
1415,"(34.617638, -44.32702)"
1416,"(19.470839, -24.48983)"
1417,"(28.513372, -41.40578)"
1418,"(18.453415, -23.14931)"
1419,"(20.616505, -29.198439)"
142,"(18.597437, -23.07696)"
1420,"(18.848179, -23.530188)"
1421,"(20.574913, -26.3949)"
1422,"(19.130894, -23.924585)"
1423,"(27.6687, -40.914253)"
1424,"(18.916746, -22.699986)"
1425,"(48.157047, -54.13038)"
1426,"(41.698452, -50.330505)"
1427,"(37.84641, -50.294975)"
1428,"(39.037773, -49.554047)"
1429,"(47.78932, -53.78697)"
143,"(19.192253, -23.508713)"
1430,"(61.410225, -84.25572)"
1431,"(24.782072, -32.285442)"
1432,"(23.137815, -33.424706)"
1433,"(20.30085, -25.17018)"
1434,"(19.64604, -24.728495)"
1435,"(19.049244, -24.176939)"
1436,"(31.099401, -45.037178)"
1437,"(34.271538, -37.446335)"
1438,"(24.499853, -30.869747)"
1439,"(24.689695, -36.248344)"
144,"(21.719276, -27.572168)"
1440,"(21.471687, -27.809828)"
1441,"(33.86253, -40.75625)"
1442,"(34.663815, -46.997887)"
1443,"(19.050802, -23.902166)"
1444,"(17.530958, -22.434954)"
1445,"(15.859057, -20.434607)"
1446,"(45.80487, -52.138706)"
1447,"(17.85468, -22.415827)"
1448,"(27.3632, -34.597527)"
1449,"(45.82486, -51.967766)"
145,"(19.281067, -24.083574)"
1450,"(34.278934, -45.79445)"
1451,"(19.017654, -23.897457)"
1452,"(32.585693, -40.67976)"
1453,"(18.960659, -24.086786)"
1454,"(20.713448, -26.896597)"
1455,"(50.54575, -64.98217)"
1456,"(44.78976, -53.309113)"
1457,"(19.653805, -24.343355)"
1458,"(19.578365, -24.536701)"
1459,"(20.837986, -27.54616)"
146,"(25.97852, -39.159325)"
1460,"(14.032439, -19.283318)"
1461,"(34.54767, -44.30697)"
1462,"(18.868406, -23.473269)"
1463,"(19.461224, -24.250826)"
1464,"(20.619509, -26.466202)"
1465,"(33.974243, -42.476696)"
1466,"(17.303694, -21.741774)"
1467,"(35.95312, -41.517002)"
1468,"(19.23037, -24.453478)"
1469,"(35.92797, -41.420258)"
147,"(30.006222, -40.452038)"
1470,"(23.28085, -31.458477)"
1471,"(18.466587, -23.387758)"
1472,"(21.11028, -26.852522)"
1473,"(17.740131, -22.30124)"
1474,"(20.005808, -25.057734)"
1475,"(38.702343, -46.825157)"
1476,"(18.247942, -23.172354)"
1477,"(19.532238, -24.757757)"
1478,"(33.59289, -38.270164)"
1479,"(17.258116, -22.28917)"
148,"(56.25847, -65.74422)"
1480,"(29.872253, -43.58702)"
1481,"(25.39254, -32.993866)"
1482,"(17.056719, -21.881046)"
1483,"(34.920082, -40.530426)"
1484,"(20.035397, -24.309254)"
1485,"(19.843689, -24.915264)"
1486,"(20.70249, -26.781061)"
1487,"(20.432024, -24.985065)"
1488,"(18.366247, -23.48649)"
1489,"(28.456165, -46.353542)"
149,"(24.936752, -35.78125)"
1490,"(19.32443, -24.18438)"
1491,"(17.50016, -21.64997)"
1492,"(19.10725, -23.560482)"
1493,"(19.866346, -24.81967)"
1494,"(18.97132, -23.922478)"
1495,"(34.345337, -41.345757)"
1496,"(14.401091, -18.559828)"
1497,"(44.93983, -52.980682)"
1498,"(34.32805, -41.3352)"
1499,"(28.951653, -42.15639)"
15,"(18.926329, -23.657997)"
150,"(19.70173, -24.614153)"
1500,"(41.74965, -61.810406)"
1501,"(18.843737, -23.345976)"
1502,"(19.260576, -24.205206)"
1503,"(24.42168, -32.987858)"
1504,"(18.406628, -23.339624)"
1505,"(50.068382, -54.16912)"
1506,"(18.776226, -23.052536)"
1507,"(19.086992, -24.001467)"
1508,"(19.289804, -24.327175)"
1509,"(24.51616, -31.335402)"
151,"(45.62908, -59.52253)"
1510,"(37.08044, -48.035866)"
1511,"(18.697136, -23.756548)"
1512,"(43.518776, -60.383026)"
1513,"(18.052086, -22.91321)"
1514,"(36.266598, -44.04727)"
1515,"(26.849953, -40.21171)"
1516,"(18.237522, -21.77796)"
1517,"(53.113274, -78.71316)"
1518,"(18.838665, -23.881268)"
1519,"(17.406324, -23.244379)"
152,"(20.733526, -26.593472)"
1520,"(57.470566, -71.948166)"
1521,"(25.533901, -34.616413)"
1522,"(18.430655, -22.959318)"
1523,"(38.09413, -41.438995)"
1524,"(23.504128, -29.31967)"
1525,"(36.343338, -41.83858)"
1526,"(38.79178, -46.365623)"
1527,"(18.517937, -23.203362)"
1528,"(18.669065, -23.667929)"
1529,"(28.638401, -36.484314)"
153,"(18.634985, -23.132992)"
1530,"(19.39512, -24.149088)"
1531,"(19.666573, -24.756767)"
1532,"(40.363884, -51.586506)"
1533,"(18.843508, -23.911394)"
1534,"(19.619633, -24.565325)"
1535,"(28.64505, -36.55686)"
1536,"(19.009369, -23.396149)"
1537,"(31.743797, -42.564636)"
1538,"(19.370237, -24.165548)"
1539,"(17.087572, -21.09993)"
154,"(20.051113, -25.137457)"
1540,"(17.543678, -23.332943)"
1541,"(39.72998, -43.794167)"
1542,"(20.086252, -25.056683)"
1543,"(19.240553, -24.022642)"
1544,"(39.434536, -45.155067)"
1545,"(24.584179, -32.243435)"
1546,"(33.527, -38.19709)"
1547,"(17.489307, -21.824697)"
1548,"(16.425392, -21.351233)"
1549,"(21.840061, -33.39597)"
155,"(17.962204, -22.684519)"
1550,"(19.181042, -23.799973)"
1551,"(19.099228, -24.172646)"
1552,"(35.332924, -51.35376)"
1553,"(28.593807, -36.619823)"
1554,"(27.236351, -35.03428)"
1555,"(30.613014, -43.732643)"
1556,"(18.362724, -22.501743)"
1557,"(35.47708, -46.153927)"
1558,"(27.723728, -34.769844)"
1559,"(19.168964, -23.63096)"
156,"(32.397736, -43.392414)"
1560,"(30.73731, -40.04918)"
1561,"(21.601507, -27.241716)"
1562,"(17.058226, -21.515654)"
1563,"(19.706293, -24.45319)"
1564,"(36.19999, -41.745686)"
1565,"(37.48191, -41.416924)"
1566,"(16.05112, -20.35444)"
1567,"(19.069569, -24.239626)"
1568,"(18.933012, -23.097776)"
1569,"(39.465927, -49.901722)"
157,"(17.82106, -22.797405)"
1570,"(27.03111, -35.130608)"
1571,"(20.214573, -25.125586)"
1572,"(19.431324, -24.456266)"
1573,"(20.999908, -26.670023)"
1574,"(18.614296, -22.665178)"
1575,"(24.439995, -29.91196)"
1576,"(18.928524, -24.060238)"
1577,"(29.009972, -36.896156)"
1578,"(18.52311, -23.148832)"
1579,"(24.171547, -30.519594)"
158,"(23.854313, -33.51201)"
1580,"(19.605713, -24.592432)"
1581,"(19.809914, -24.37223)"
1582,"(18.663794, -23.195103)"
1583,"(41.53213, -61.372948)"
1584,"(34.634262, -44.275692)"
1585,"(18.971037, -23.377264)"
1586,"(19.718864, -24.672932)"
1587,"(34.85731, -44.532272)"
1588,"(14.0123205, -20.064466)"
1589,"(15.988402, -22.148495)"
159,"(16.72806, -21.625568)"
1590,"(17.41821, -21.83467)"
1591,"(18.936813, -23.179903)"
1592,"(23.46622, -32.587334)"
1593,"(20.14818, -25.210726)"
1594,"(19.918444, -24.689165)"
1595,"(28.564178, -39.139187)"
1596,"(17.39171, -23.08764)"
1597,"(38.495064, -50.999462)"
1598,"(35.815933, -46.443047)"
1599,"(19.862211, -24.61797)"
16,"(18.83528, -23.317867)"
160,"(31.963062, -42.799416)"
1600,"(26.858223, -35.037018)"
1601,"(17.71798, -22.426485)"
1602,"(38.84218, -44.708443)"
1603,"(33.92471, -40.892204)"
1604,"(48.10702, -65.43193)"
1605,"(35.844208, -46.50421)"
1606,"(19.835503, -24.56254)"
1607,"(18.90312, -23.852633)"
1608,"(18.868652, -23.336048)"
1609,"(17.245676, -22.902718)"
161,"(18.212183, -23.747705)"
1610,"(23.971966, -30.300241)"
1611,"(39.27393, -50.769775)"
1612,"(17.589825, -22.562939)"
1613,"(19.127316, -24.243979)"
1614,"(27.217926, -35.17891)"
1615,"(37.082657, -42.92282)"
1616,"(27.540049, -37.127525)"
1617,"(18.619072, -23.690168)"
1618,"(18.47273, -23.222174)"
1619,"(40.208454, -51.49009)"
162,"(20.281872, -25.068178)"
1620,"(19.293242, -24.098244)"
1621,"(20.143885, -25.243994)"
1622,"(18.84199, -23.055002)"
1623,"(17.860565, -23.002329)"
1624,"(19.013037, -23.761698)"
1625,"(19.38344, -24.396816)"
1626,"(30.699272, -35.254993)"
1627,"(19.784653, -24.803999)"
1628,"(20.961723, -30.78617)"
1629,"(19.970613, -24.918867)"
163,"(15.70382, -19.932209)"
1630,"(19.584576, -24.349783)"
1631,"(19.60732, -24.261091)"
1632,"(18.553751, -23.243677)"
1633,"(19.020144, -24.034838)"
1634,"(23.609535, -32.5988)"
1635,"(19.226183, -24.223703)"
1636,"(30.248354, -39.56011)"
1637,"(60.380146, -84.13938)"
1638,"(18.51947, -22.451664)"
1639,"(17.949959, -22.70849)"
164,"(47.95398, -53.93753)"
1640,"(15.707422, -19.132322)"
1641,"(18.405937, -23.900745)"
1642,"(24.63305, -31.365713)"
1643,"(16.73418, -21.357262)"
1644,"(20.176619, -25.052618)"
1645,"(27.996342, -37.475872)"
1646,"(19.103817, -23.960783)"
1647,"(26.595186, -40.191635)"
1648,"(17.43935, -20.847149)"
1649,"(19.11937, -23.10975)"
165,"(19.445984, -24.405792)"
1650,"(19.423683, -24.352652)"
1651,"(57.094543, -71.593544)"
1652,"(40.119995, -51.478603)"
1653,"(39.323826, -45.153805)"
1654,"(19.766003, -24.77513)"
1655,"(19.858398, -24.631502)"
1656,"(68.633736, -101.24286)"
1657,"(23.27822, -29.08533)"
1658,"(19.992067, -24.766214)"
1659,"(18.798252, -23.875004)"
166,"(40.147476, -50.648876)"
1660,"(16.470074, -20.38764)"
1661,"(25.171547, -37.1938)"
1662,"(19.23354, -23.83887)"
1663,"(35.75007, -52.997787)"
1664,"(15.373862, -19.425608)"
1665,"(23.057901, -29.636892)"
1666,"(20.160614, -25.191317)"
1667,"(28.650951, -36.630116)"
1668,"(20.68626, -28.17011)"
1669,"(21.120022, -27.001305)"
167,"(26.425774, -33.97496)"
1670,"(19.048512, -23.918127)"
1671,"(19.072887, -23.851309)"
1672,"(28.357319, -37.205666)"
1673,"(36.609688, -44.435287)"
1674,"(37.329872, -50.302902)"
1675,"(23.056017, -33.115753)"
1676,"(25.617249, -34.36898)"
1677,"(35.42594, -44.816475)"
1678,"(28.705605, -36.72302)"
1679,"(20.329483, -25.391958)"
168,"(38.124977, -41.387283)"
1680,"(19.13145, -24.239243)"
1681,"(20.950956, -30.38776)"
1682,"(45.74553, -52.03518)"
1683,"(19.789955, -24.625738)"
1684,"(18.138945, -23.43413)"
1685,"(37.082, -46.350433)"
1686,"(31.916996, -48.43099)"
1687,"(18.457523, -23.305925)"
1688,"(27.666918, -41.598198)"
1689,"(27.467735, -34.577557)"
169,"(47.19452, -59.3376)"
1690,"(24.530281, -35.91109)"
1691,"(31.038628, -41.23135)"
1692,"(18.516218, -23.292133)"
1693,"(34.782387, -45.177094)"
1694,"(19.15504, -24.018232)"
1695,"(20.729614, -26.906298)"
1696,"(20.588177, -26.47974)"
1697,"(18.996506, -23.941347)"
1698,"(20.027203, -25.089647)"
1699,"(17.886301, -22.267935)"
17,"(18.856155, -23.720469)"
170,"(30.506023, -39.77073)"
1700,"(24.879055, -33.92662)"
1701,"(17.378876, -21.740686)"
1702,"(24.65138, -36.777855)"
1703,"(18.778217, -23.896412)"
1704,"(25.669168, -33.712875)"
1705,"(34.211636, -44.896362)"
1706,"(41.992096, -64.09497)"
1707,"(38.93354, -46.38484)"
1708,"(17.830578, -22.502838)"
1709,"(19.099684, -24.14479)"
171,"(21.70932, -33.273514)"
1710,"(19.30273, -24.309195)"
1711,"(27.894424, -35.588593)"
1712,"(23.80437, -33.01484)"
1713,"(22.415565, -27.859495)"
1714,"(24.76909, -31.53517)"
1715,"(24.47039, -35.877075)"
1716,"(22.06326, -28.286058)"
1717,"(16.965528, -20.986053)"
1718,"(19.439178, -23.980158)"
1719,"(34.22635, -42.690075)"
172,"(55.78039, -64.456116)"
1720,"(25.361431, -35.85083)"
1721,"(18.723722, -23.763319)"
1722,"(19.041286, -23.783049)"
1723,"(58.901287, -73.43577)"
1724,"(39.29462, -46.748734)"
1725,"(21.180176, -26.932907)"
1726,"(19.705101, -24.912024)"
1727,"(17.055809, -22.961048)"
1728,"(33.84438, -42.68547)"
1729,"(31.032381, -41.184128)"
173,"(27.658249, -35.3534)"
1730,"(25.437424, -33.2416)"
1731,"(29.413591, -38.508175)"
1732,"(19.168795, -24.196325)"
1733,"(42.33995, -53.293327)"
1734,"(20.817982, -27.46192)"
1735,"(19.120426, -24.281914)"
1736,"(19.801998, -24.71374)"
1737,"(35.849308, -42.55445)"
1738,"(18.66695, -23.687529)"
1739,"(20.058369, -25.005674)"
174,"(19.91011, -24.388033)"
1740,"(38.903378, -46.367493)"
1741,"(33.220875, -42.62697)"
1742,"(35.89364, -41.441704)"
1743,"(18.230446, -23.758892)"
1744,"(22.854816, -31.77622)"
1745,"(35.551933, -46.14675)"
1746,"(42.450413, -57.92877)"
1747,"(19.686657, -24.724567)"
1748,"(19.794048, -24.52867)"
1749,"(18.44905, -22.900875)"
175,"(27.482643, -34.55727)"
1750,"(37.929333, -41.258926)"
1751,"(19.80483, -24.644203)"
1752,"(39.585564, -45.34505)"
1753,"(18.20827, -23.641762)"
1754,"(20.036638, -25.50382)"
1755,"(19.96296, -24.83622)"
1756,"(20.075922, -25.227737)"
1757,"(27.076775, -41.109142)"
1758,"(25.74217, -36.567223)"
1759,"(18.23289, -23.232922)"
176,"(20.029758, -25.033619)"
1760,"(18.91341, -23.985542)"
1761,"(36.012825, -42.65367)"
1762,"(20.051329, -24.904177)"
1763,"(16.265108, -21.744406)"
1764,"(17.598942, -22.496464)"
1765,"(36.406784, -51.12471)"
1766,"(27.362133, -34.577682)"
1767,"(18.807112, -23.765312)"
1768,"(19.37045, -24.157053)"
1769,"(19.37933, -23.544989)"
177,"(40.992672, -45.115692)"
1770,"(29.197166, -45.75226)"
1771,"(15.024777, -20.40158)"
1772,"(16.983315, -20.5708)"
1773,"(17.231646, -22.069057)"
1774,"(19.93269, -24.780416)"
1775,"(19.941742, -24.87132)"
1776,"(19.386528, -24.084333)"
1777,"(31.960308, -37.65056)"
1778,"(19.431158, -24.309347)"
1779,"(79.94036, -99.43291)"
178,"(39.490604, -45.248917)"
1780,"(69.265656, -67.84637)"
1781,"(35.371414, -49.461945)"
1782,"(20.006458, -25.556475)"
1783,"(16.722288, -18.9637)"
1784,"(32.77589, -38.626156)"
1785,"(24.700743, -33.15418)"
1786,"(18.4258, -23.057228)"
1787,"(35.52133, -45.123512)"
1788,"(34.53719, -44.284836)"
1789,"(17.859848, -22.69023)"
179,"(18.979515, -23.39688)"
1790,"(19.773722, -24.79556)"
1791,"(36.01551, -42.635944)"
1792,"(29.110188, -39.543575)"
1793,"(29.012806, -42.2099)"
1794,"(16.341183, -22.013731)"
1795,"(17.998396, -22.542667)"
1796,"(15.693204, -19.511816)"
1797,"(15.850503, -20.39999)"
1798,"(19.955872, -24.039461)"
1799,"(27.89669, -36.88528)"
18,"(32.909767, -41.030807)"
180,"(19.21424, -24.31551)"
1800,"(55.755085, -64.36237)"
1801,"(55.639732, -65.16331)"
1802,"(39.995045, -51.42092)"
1803,"(20.361153, -25.687437)"
1804,"(24.293392, -32.571644)"
1805,"(18.22549, -23.63699)"
1806,"(19.20705, -23.673532)"
1807,"(19.084541, -23.792105)"
1808,"(24.511543, -29.968637)"
1809,"(27.40829, -41.80202)"
181,"(19.82578, -24.862467)"
1810,"(19.751312, -24.798128)"
1811,"(23.411255, -29.13199)"
1812,"(56.121246, -65.78267)"
1813,"(17.054825, -21.444893)"
1814,"(27.971165, -38.06329)"
1815,"(18.564754, -23.663729)"
1816,"(19.853224, -24.792122)"
1817,"(20.207655, -25.694231)"
1818,"(28.954636, -37.009403)"
1819,"(18.300884, -23.729185)"
182,"(23.026161, -31.07099)"
1820,"(19.573517, -24.419924)"
1821,"(17.974108, -22.520788)"
1822,"(18.767372, -22.48611)"
1823,"(47.631367, -59.640907)"
1824,"(17.708467, -21.469957)"
1825,"(19.64831, -24.576826)"
1826,"(19.860413, -24.933321)"
1827,"(19.361547, -24.205706)"
1828,"(15.836615, -20.213911)"
1829,"(24.15543, -35.223755)"
183,"(18.793293, -23.477497)"
1830,"(15.739661, -20.612108)"
1831,"(19.751846, -24.843214)"
1832,"(18.552776, -22.18355)"
1833,"(19.082203, -24.251247)"
1834,"(28.410751, -39.1649)"
1835,"(17.70328, -22.26895)"
1836,"(19.87459, -24.794611)"
1837,"(18.68246, -23.764631)"
1838,"(18.379002, -22.889978)"
1839,"(22.566216, -28.055122)"
184,"(17.287195, -22.928465)"
1840,"(24.628407, -31.490864)"
1841,"(18.86499, -23.979685)"
1842,"(28.88237, -39.45557)"
1843,"(16.892662, -21.094646)"
1844,"(21.103977, -27.756573)"
1845,"(33.25554, -42.533554)"
1846,"(51.0897, -54.21307)"
1847,"(28.972057, -37.351547)"
1848,"(20.021952, -25.161486)"
1849,"(36.258606, -44.02604)"
185,"(19.673206, -24.56099)"
1850,"(16.857746, -22.714727)"
1851,"(18.013577, -22.622066)"
1852,"(45.725628, -52.080246)"
1853,"(19.80845, -24.765741)"
1854,"(18.861053, -22.987116)"
1855,"(19.093088, -23.850565)"
1856,"(19.620817, -24.477964)"
1857,"(32.984615, -41.21565)"
1858,"(17.849953, -21.65996)"
1859,"(28.892912, -36.833157)"
186,"(26.179594, -34.69448)"
1860,"(19.857145, -25.153505)"
1861,"(19.28593, -23.853174)"
1862,"(19.591518, -24.536278)"
1863,"(27.691734, -36.062393)"
1864,"(21.563366, -27.994263)"
1865,"(18.297808, -22.06917)"
1866,"(22.276493, -28.06331)"
1867,"(24.607822, -36.039818)"
1868,"(18.211903, -23.442068)"
1869,"(43.37207, -59.353325)"
187,"(19.710611, -24.680637)"
1870,"(18.0437, -23.158323)"
1871,"(47.42084, -59.595825)"
1872,"(21.09734, -26.796057)"
1873,"(19.733688, -24.575006)"
1874,"(35.387676, -45.29892)"
1875,"(21.175644, -26.802557)"
1876,"(23.438305, -29.72982)"
1877,"(24.143269, -30.354315)"
1878,"(31.925854, -42.570534)"
1879,"(16.705383, -20.4253)"
188,"(19.799364, -24.931372)"
1880,"(19.71803, -24.561163)"
1881,"(33.003933, -44.247623)"
1882,"(59.145638, -61.658936)"
1883,"(18.922215, -23.883663)"
1884,"(68.89105, -101.666725)"
1885,"(25.002281, -36.354706)"
1886,"(19.825632, -23.869701)"
1887,"(14.286933, -18.099438)"
1888,"(31.950193, -37.093014)"
1889,"(19.212524, -23.929003)"
189,"(19.198322, -23.869162)"
1890,"(45.46841, -53.4125)"
1891,"(18.331547, -22.823072)"
1892,"(20.168926, -25.15385)"
1893,"(56.037674, -65.563934)"
1894,"(15.369952, -19.47392)"
1895,"(18.311243, -22.883614)"
1896,"(18.232426, -23.717611)"
1897,"(23.730927, -33.226467)"
1898,"(20.136951, -25.114717)"
1899,"(49.74001, -66.1143)"
19,"(24.165827, -30.994303)"
190,"(30.243736, -39.375355)"
1900,"(19.038174, -23.855606)"
1901,"(35.970833, -40.684044)"
1902,"(15.994494, -20.422949)"
1903,"(18.795326, -23.599508)"
1904,"(26.362682, -35.084923)"
1905,"(29.096413, -42.373013)"
1906,"(18.46819, -24.07659)"
1907,"(43.064945, -53.78304)"
1908,"(14.128905, -20.007519)"
1909,"(37.560627, -46.645004)"
191,"(18.030802, -22.096601)"
1910,"(33.332752, -42.195072)"
1911,"(33.86933, -42.27473)"
1912,"(17.068485, -21.409407)"
1913,"(24.655767, -36.894485)"
1914,"(19.518795, -24.573591)"
1915,"(19.013525, -22.968246)"
1916,"(55.410015, -63.973557)"
1917,"(21.012577, -26.808907)"
1918,"(18.757109, -23.935928)"
1919,"(37.28875, -46.348606)"
192,"(19.610748, -24.467363)"
1920,"(19.065725, -24.19153)"
1921,"(34.59838, -44.28572)"
1922,"(18.202417, -22.384333)"
1923,"(34.050415, -40.86551)"
1924,"(17.227165, -20.71338)"
1925,"(24.324488, -31.15119)"
1926,"(26.20455, -34.4798)"
1927,"(39.806458, -50.155327)"
1928,"(19.751461, -24.761219)"
1929,"(36.048775, -43.918335)"
193,"(22.191656, -28.01911)"
1930,"(24.492508, -31.211292)"
1931,"(19.189972, -23.947767)"
1932,"(18.881788, -23.469309)"
1933,"(16.189224, -21.720331)"
1934,"(20.051117, -24.95185)"
1935,"(19.143263, -24.122063)"
1936,"(19.288992, -24.105516)"
1937,"(19.472395, -24.377802)"
1938,"(18.272005, -23.289503)"
1939,"(34.60459, -45.135536)"
194,"(37.062965, -49.67918)"
1940,"(18.682428, -22.632055)"
1941,"(17.433067, -21.877342)"
1942,"(18.240309, -22.793121)"
1943,"(23.54751, -32.61339)"
1944,"(18.590984, -23.114923)"
1945,"(35.94685, -42.48504)"
1946,"(78.36718, -104.132416)"
1947,"(19.31934, -24.487688)"
1948,"(17.475851, -21.304207)"
1949,"(26.401424, -35.034386)"
195,"(18.99799, -23.9579)"
1950,"(27.681046, -43.004448)"
1951,"(18.930122, -23.44449)"
1952,"(17.602417, -22.530485)"
1953,"(19.787622, -24.67019)"
1954,"(45.95959, -52.1216)"
1955,"(23.651966, -32.65737)"
1956,"(36.37976, -41.888603)"
1957,"(34.899338, -39.6361)"
1958,"(19.494007, -23.983088)"
1959,"(33.184715, -37.946075)"
196,"(38.9279, -46.459785)"
1960,"(18.863573, -23.56637)"
1961,"(29.806019, -36.7687)"
1962,"(19.29478, -23.60773)"
1963,"(19.458426, -24.236834)"
1964,"(25.217491, -34.401405)"
1965,"(23.321358, -29.117975)"
1966,"(36.477413, -50.51487)"
1967,"(19.337332, -24.097925)"
1968,"(23.039932, -29.171484)"
1969,"(26.480022, -36.193214)"
197,"(18.314617, -23.29918)"
1970,"(35.548676, -45.363075)"
1971,"(23.371258, -29.1692)"
1972,"(17.333593, -22.879196)"
1973,"(27.400736, -38.532623)"
1974,"(24.553291, -31.393017)"
1975,"(15.820329, -21.039364)"
1976,"(34.440105, -41.257843)"
1977,"(21.084663, -30.648087)"
1978,"(30.014944, -38.483334)"
1979,"(58.92611, -86.14454)"
198,"(19.523577, -24.630543)"
1980,"(26.708603, -35.863716)"
1981,"(22.57803, -28.508951)"
1982,"(20.076496, -25.081228)"
1983,"(19.282467, -24.572609)"
1984,"(18.429262, -22.512531)"
1985,"(23.895046, -30.236513)"
1986,"(19.593166, -24.393412)"
1987,"(21.601416, -28.001291)"
1988,"(18.35823, -22.537195)"
1989,"(19.426447, -24.078932)"
199,"(21.859468, -28.103285)"
1990,"(22.548527, -28.1663)"
1991,"(18.805653, -23.644102)"
1992,"(44.303062, -56.174)"
1993,"(19.920906, -24.89108)"
1994,"(19.544422, -24.38637)"
1995,"(29.458382, -46.091473)"
1996,"(29.348318, -38.79125)"
1997,"(24.730827, -36.942726)"
1998,"(55.90935, -61.75592)"
1999,"(26.288404, -35.266964)"
2,"(17.197672, -22.754023)"
20,"(27.493504, -34.68496)"
200,"(18.589272, -23.361935)"
2000,"(19.80334, -24.583273)"
2001,"(19.223467, -24.297602)"
2002,"(20.599663, -26.76002)"
2003,"(20.897243, -27.520288)"
2004,"(23.629223, -30.336073)"
2005,"(47.552124, -59.660454)"
2006,"(20.960579, -26.635174)"
2007,"(28.96653, -42.22267)"
2008,"(17.518272, -21.287998)"
2009,"(17.671946, -22.495909)"
201,"(19.61108, -24.53521)"
2010,"(37.328453, -50.3644)"
2011,"(44.518417, -56.281204)"
2012,"(37.35329, -46.472954)"
2013,"(18.459187, -23.514482)"
2014,"(43.297016, -64.05458)"
2015,"(22.822203, -28.456945)"
2016,"(19.465986, -24.434858)"
2017,"(19.196821, -24.258326)"
2018,"(18.66079, -23.197048)"
2019,"(37.116226, -50.151897)"
202,"(45.139114, -61.330956)"
2020,"(38.91028, -51.472694)"
2021,"(35.531017, -45.3482)"
2022,"(20.742544, -27.176283)"
2023,"(35.72722, -45.435738)"
2024,"(27.722832, -34.840443)"
2025,"(35.822186, -46.36937)"
2026,"(18.70723, -23.056814)"
2027,"(24.414, -31.072432)"
2028,"(16.067644, -19.137796)"
2029,"(17.176146, -22.368631)"
203,"(31.78164, -37.564384)"
2030,"(24.271526, -34.302204)"
2031,"(24.57134, -31.393133)"
2032,"(25.116486, -32.61537)"
2033,"(50.217186, -63.914238)"
2034,"(19.131771, -24.240496)"
2035,"(19.604523, -24.51591)"
2036,"(23.524893, -32.75691)"
2037,"(32.100323, -37.2133)"
2038,"(17.337711, -21.539831)"
2039,"(19.070353, -24.150602)"
204,"(21.922379, -27.59934)"
2040,"(20.471941, -26.293217)"
2041,"(19.93678, -25.007162)"
2042,"(19.45248, -24.686186)"
2043,"(19.549263, -24.363901)"
2044,"(25.251858, -32.298317)"
2045,"(18.688213, -23.46749)"
2046,"(17.500553, -21.747696)"
2047,"(16.406372, -20.997618)"
2048,"(15.842648, -21.25288)"
2049,"(19.154528, -24.263365)"
205,"(19.130611, -23.720972)"
2050,"(21.848907, -28.986313)"
2051,"(16.94777, -20.97442)"
2052,"(19.874466, -24.586554)"
2053,"(19.844473, -24.686462)"
2054,"(46.515835, -63.771385)"
2055,"(17.882193, -22.622902)"
2056,"(18.632877, -23.346403)"
2057,"(44.233646, -52.893898)"
2058,"(20.036247, -25.006653)"
2059,"(18.917294, -23.678364)"
206,"(20.866558, -26.32066)"
2060,"(44.06682, -52.739075)"
2061,"(19.23983, -23.30392)"
2062,"(18.054987, -23.667421)"
2063,"(31.338787, -42.30345)"
2064,"(20.030613, -24.870243)"
2065,"(41.65114, -51.95878)"
2066,"(25.631367, -34.4961)"
2067,"(19.614054, -24.385052)"
2068,"(39.17824, -49.391853)"
2069,"(28.09311, -38.494118)"
207,"(18.207718, -22.732546)"
2070,"(55.99308, -65.38339)"
2071,"(15.50006, -20.42066)"
2072,"(56.791786, -66.36181)"
2073,"(26.591595, -34.047386)"
2074,"(18.985775, -24.062906)"
2075,"(36.772522, -44.58101)"
2076,"(18.445726, -23.137789)"
2077,"(41.745518, -44.901245)"
2078,"(16.116364, -21.254189)"
2079,"(27.963722, -36.7086)"
208,"(19.770922, -24.68609)"
2080,"(34.14022, -41.083855)"
2081,"(18.160025, -22.70076)"
2082,"(34.324905, -44.910995)"
2083,"(36.834732, -42.90734)"
2084,"(15.414004, -20.136486)"
2085,"(54.841072, -60.32975)"
2086,"(48.06481, -53.977005)"
2087,"(68.51401, -101.162674)"
2088,"(16.965454, -22.29874)"
2089,"(18.573107, -23.275335)"
209,"(20.24994, -24.990145)"
2090,"(19.891743, -24.879692)"
2091,"(36.868748, -40.370537)"
2092,"(27.364223, -36.20292)"
2093,"(18.428307, -22.02706)"
2094,"(34.68437, -44.44485)"
2095,"(43.300213, -64.05551)"
2096,"(18.41253, -22.72722)"
2097,"(18.945581, -23.133736)"
2098,"(36.610252, -44.4749)"
2099,"(18.018127, -22.152533)"
21,"(18.799545, -23.309858)"
210,"(18.516228, -23.453968)"
2100,"(25.949234, -33.009743)"
2101,"(33.345016, -51.527653)"
2102,"(21.039753, -26.737484)"
2103,"(16.39136, -21.628315)"
2104,"(19.5614, -24.158903)"
2105,"(18.68411, -23.508455)"
2106,"(18.209053, -21.73686)"
2107,"(23.809896, -32.91981)"
2108,"(17.060822, -20.261698)"
2109,"(26.938826, -36.253674)"
211,"(24.664906, -36.81613)"
2110,"(20.903965, -27.558962)"
2111,"(20.95419, -26.765717)"
2112,"(19.757502, -24.875317)"
2113,"(37.584652, -46.652763)"
2114,"(34.669777, -39.3451)"
2115,"(24.599905, -30.045422)"
2116,"(19.140594, -23.983095)"
2117,"(50.151558, -55.114975)"
2118,"(44.761593, -52.565956)"
2119,"(25.279222, -33.39313)"
212,"(25.109554, -36.389015)"
2120,"(19.971895, -24.352652)"
2121,"(33.511734, -45.394783)"
2122,"(19.158253, -23.96422)"
2123,"(35.94806, -45.935226)"
2124,"(33.1412, -42.406433)"
2125,"(23.55877, -32.824104)"
2126,"(19.694878, -24.342081)"
2127,"(19.289486, -23.797796)"
2128,"(18.24458, -23.259058)"
2129,"(18.836372, -22.609446)"
213,"(39.937954, -51.20516)"
2130,"(23.93503, -33.11324)"
2131,"(19.615257, -24.681568)"
2132,"(34.81658, -49.002586)"
2133,"(50.151695, -63.849236)"
2134,"(19.380653, -24.47234)"
2135,"(43.96735, -57.427322)"
2136,"(17.907211, -22.697989)"
2137,"(18.992615, -23.52574)"
2138,"(15.998099, -21.419352)"
2139,"(41.732956, -54.475395)"
214,"(54.94658, -60.43445)"
2140,"(16.08827, -22.225332)"
2141,"(24.840397, -32.105553)"
2142,"(22.90632, -29.97074)"
2143,"(20.904913, -26.656517)"
2144,"(19.265438, -24.392199)"
2145,"(45.667225, -51.961273)"
2146,"(18.663174, -22.955706)"
2147,"(17.862267, -23.590807)"
2148,"(34.45705, -44.05643)"
2149,"(20.624357, -26.807966)"
215,"(23.026503, -29.72209)"
2150,"(19.760483, -24.50391)"
2151,"(27.605757, -35.395123)"
2152,"(30.640442, -35.262856)"
2153,"(19.113312, -23.931244)"
2154,"(18.674707, -23.459187)"
2155,"(26.860847, -36.34897)"
2156,"(23.676815, -32.654774)"
2157,"(20.11832, -24.902472)"
2158,"(20.043816, -24.98139)"
2159,"(29.834143, -38.85875)"
216,"(21.034786, -26.86796)"
2160,"(17.083735, -21.899296)"
2161,"(31.632633, -42.410168)"
2162,"(24.480497, -31.408876)"
2163,"(19.446041, -24.457039)"
2164,"(18.478088, -23.23912)"
2165,"(32.438934, -43.55342)"
2166,"(23.973627, -30.815792)"
2167,"(21.022785, -26.805122)"
2168,"(27.456028, -40.558907)"
2169,"(18.274036, -22.896166)"
217,"(25.59206, -33.13264)"
2170,"(18.629751, -23.324799)"
2171,"(20.292604, -24.864225)"
2172,"(34.93515, -39.775063)"
2173,"(22.870522, -28.398893)"
2174,"(19.272146, -24.33034)"
2175,"(19.350933, -24.373861)"
2176,"(20.99696, -26.800064)"
2177,"(23.653843, -32.730625)"
2178,"(19.302528, -24.390678)"
2179,"(26.71461, -35.867107)"
218,"(22.923811, -29.316767)"
2180,"(50.696194, -65.23704)"
2181,"(28.936506, -36.867294)"
2182,"(39.377502, -45.269638)"
2183,"(23.5046, -29.833193)"
2184,"(55.883232, -65.494446)"
2185,"(39.507442, -45.332993)"
2186,"(18.88577, -23.83479)"
2187,"(21.04664, -26.698015)"
2188,"(19.944365, -25.02838)"
2189,"(17.05661, -20.199636)"
219,"(24.11087, -30.479988)"
2190,"(19.478138, -24.25914)"
2191,"(72.52063, -81.65863)"
2192,"(30.984303, -41.18415)"
2193,"(18.545424, -23.091766)"
2194,"(37.42679, -49.860794)"
2195,"(40.728798, -52.275093)"
2196,"(27.638937, -34.808533)"
2197,"(28.733212, -36.746815)"
2198,"(24.670181, -34.364735)"
2199,"(19.515696, -24.624456)"
22,"(19.038769, -23.41249)"
220,"(21.433737, -27.701735)"
2200,"(35.791992, -45.503532)"
2201,"(19.349705, -23.861729)"
2202,"(37.554672, -44.99957)"
2203,"(17.324196, -23.024328)"
2204,"(37.22096, -40.223137)"
2205,"(49.90323, -65.66377)"
2206,"(19.634247, -24.62401)"
2207,"(20.050922, -25.124277)"
2208,"(19.43209, -24.05791)"
2209,"(19.6628, -24.380558)"
221,"(23.671541, -29.842237)"
2210,"(19.82306, -24.710863)"
2211,"(23.150957, -31.2643)"
2212,"(46.83035, -59.02526)"
2213,"(24.284512, -35.3506)"
2214,"(24.247955, -31.047277)"
2215,"(25.184504, -33.384888)"
2216,"(40.897945, -52.383545)"
2217,"(18.104668, -22.675587)"
2218,"(26.465912, -33.93525)"
2219,"(18.841337, -24.12293)"
222,"(18.347815, -24.013052)"
2220,"(19.542234, -24.624613)"
2221,"(19.196045, -24.091127)"
2222,"(16.06591, -22.134962)"
2223,"(34.427406, -45.521156)"
2224,"(17.366684, -23.264647)"
2225,"(19.95549, -24.992779)"
2226,"(25.979595, -38.8784)"
2227,"(17.819561, -22.476755)"
2228,"(20.121607, -24.931479)"
2229,"(18.519514, -23.227715)"
223,"(17.607388, -22.012339)"
2230,"(40.29927, -47.747124)"
2231,"(36.05252, -41.558857)"
2232,"(27.431133, -40.220856)"
2233,"(28.516918, -36.437557)"
2234,"(25.50454, -36.063232)"
2235,"(34.05342, -42.49718)"
2236,"(19.527645, -24.585459)"
2237,"(25.633747, -36.406075)"
2238,"(21.607996, -28.068102)"
2239,"(25.278837, -33.006287)"
224,"(18.751556, -23.74153)"
2240,"(29.93916, -34.96843)"
2241,"(21.149157, -27.012949)"
2242,"(33.92049, -42.19054)"
2243,"(27.47298, -41.966854)"
2244,"(19.197285, -24.10491)"
2245,"(22.7279, -29.890913)"
2246,"(35.632828, -45.163406)"
2247,"(26.043938, -32.962296)"
2248,"(33.790337, -43.897266)"
2249,"(18.067823, -22.676119)"
225,"(31.127039, -36.777294)"
2250,"(56.102184, -65.53685)"
2251,"(27.312937, -36.27087)"
2252,"(47.335293, -51.104885)"
2253,"(21.14096, -26.941923)"
2254,"(19.655762, -24.032782)"
2255,"(19.579912, -24.6677)"
2256,"(19.344152, -23.475496)"
2257,"(45.064667, -66.22885)"
2258,"(31.778524, -42.427765)"
2259,"(17.702553, -22.656631)"
226,"(18.538946, -23.599777)"
2260,"(18.55738, -23.103603)"
2261,"(42.40702, -55.064426)"
2262,"(37.247234, -43.065308)"
2263,"(18.86068, -23.457802)"
2264,"(19.772032, -24.94457)"
2265,"(20.512589, -26.362436)"
2266,"(19.604027, -24.497173)"
2267,"(80.29956, -108.773994)"
2268,"(37.272465, -50.32658)"
2269,"(44.506577, -56.25843)"
227,"(19.122786, -24.214304)"
2270,"(20.476635, -26.29054)"
2271,"(36.18056, -44.096874)"
2272,"(36.06508, -45.687294)"
2273,"(26.911098, -33.88642)"
2274,"(20.12231, -24.633999)"
2275,"(33.741577, -42.631695)"
2276,"(42.294373, -47.967857)"
2277,"(19.15026, -23.032764)"
2278,"(18.572166, -23.492983)"
2279,"(18.474194, -22.941412)"
228,"(34.6387, -44.360054)"
2280,"(28.78326, -37.366173)"
2281,"(27.488796, -34.548695)"
2282,"(40.306496, -50.91044)"
2283,"(53.757824, -55.049744)"
2284,"(18.997932, -23.839579)"
2285,"(24.80794, -32.47314)"
2286,"(31.723846, -45.07611)"
2287,"(16.048578, -20.728914)"
2288,"(25.576672, -33.988033)"
2289,"(36.817486, -46.640755)"
229,"(39.052288, -46.568977)"
2290,"(19.717701, -24.973299)"
2291,"(18.332024, -22.635687)"
2292,"(27.665619, -34.613457)"
2293,"(20.129364, -25.154625)"
2294,"(41.07837, -52.625656)"
2295,"(19.07409, -24.235056)"
2296,"(37.036613, -43.03418)"
2297,"(18.580477, -23.091728)"
2298,"(27.549328, -34.58449)"
2299,"(19.85432, -24.728102)"
23,"(21.06922, -26.816599)"
230,"(22.758274, -28.116148)"
2300,"(19.36901, -24.015383)"
2301,"(20.223654, -24.587135)"
2302,"(16.322716, -20.368595)"
2303,"(20.100891, -24.878233)"
2304,"(19.510971, -24.303051)"
2305,"(24.354708, -31.222775)"
2306,"(20.07406, -25.137333)"
2307,"(32.15921, -44.436676)"
2308,"(59.06942, -86.33331)"
2309,"(32.446606, -37.046772)"
231,"(19.333601, -24.127909)"
2310,"(19.474403, -24.044176)"
2311,"(27.845282, -35.567307)"
2312,"(31.320623, -36.881397)"
2313,"(18.329922, -22.848444)"
2314,"(22.415367, -28.351437)"
2315,"(22.406818, -27.82266)"
2316,"(40.508995, -51.143227)"
2317,"(28.432846, -41.333313)"
2318,"(19.50248, -23.83667)"
2319,"(19.121025, -24.205626)"
232,"(21.499672, -28.120462)"
2320,"(21.446016, -27.90354)"
2321,"(41.732723, -61.823723)"
2322,"(18.164885, -23.728735)"
2323,"(18.525763, -23.679052)"
2324,"(23.97607, -30.181805)"
2325,"(18.40526, -23.33729)"
2326,"(20.754942, -26.829018)"
2327,"(18.64317, -23.466242)"
2328,"(28.801975, -36.632782)"
2329,"(20.116823, -25.19615)"
233,"(19.53683, -24.784435)"
2330,"(18.26386, -23.744078)"
2331,"(23.757809, -30.05474)"
2332,"(19.807922, -24.823175)"
2333,"(44.147823, -55.87725)"
2334,"(47.296097, -59.286415)"
2335,"(19.020435, -23.956024)"
2336,"(18.906113, -23.682268)"
2337,"(24.161842, -30.886976)"
2338,"(22.723131, -29.190569)"
2339,"(21.489916, -27.948143)"
234,"(15.957145, -19.018997)"
2340,"(19.270363, -24.158804)"
2341,"(20.00636, -24.805622)"
2342,"(16.799747, -20.361235)"
2343,"(17.243647, -20.247267)"
2344,"(16.787086, -22.683455)"
2345,"(27.007584, -34.82503)"
2346,"(38.058933, -41.35933)"
2347,"(35.088448, -45.73417)"
2348,"(20.379333, -25.17519)"
2349,"(24.989597, -32.362576)"
235,"(18.76752, -23.635693)"
2350,"(16.791603, -20.98196)"
2351,"(18.22202, -23.355051)"
2352,"(18.796455, -23.666468)"
2353,"(18.733833, -22.564463)"
2354,"(18.812408, -22.786125)"
2355,"(18.594355, -23.335304)"
2356,"(18.943853, -23.44475)"
2357,"(39.69156, -56.838406)"
2358,"(23.159554, -29.711922)"
2359,"(23.934214, -30.175047)"
236,"(19.259571, -23.429945)"
2360,"(25.712563, -33.89528)"
2361,"(17.698505, -23.466864)"
2362,"(17.671047, -21.787085)"
2363,"(19.86358, -24.76331)"
2364,"(18.728683, -23.806316)"
2365,"(25.792995, -33.04299)"
2366,"(19.425453, -23.78126)"
2367,"(36.58762, -42.625065)"
2368,"(35.038666, -45.411407)"
2369,"(23.001053, -31.810492)"
237,"(26.14858, -33.707207)"
2370,"(17.856758, -23.413202)"
2371,"(21.071949, -26.806564)"
2372,"(16.19447, -20.342627)"
2373,"(87.27237, -88.80901)"
2374,"(41.37722, -53.463833)"
2375,"(18.601189, -23.713823)"
2376,"(18.819077, -23.82111)"
2377,"(28.799732, -46.535984)"
2378,"(22.578278, -28.158827)"
2379,"(28.364689, -42.644043)"
238,"(19.773664, -24.674397)"
2380,"(33.882233, -40.84173)"
2381,"(19.356417, -23.547932)"
2382,"(28.995129, -39.286087)"
2383,"(19.561237, -24.587584)"
2384,"(19.840555, -24.650114)"
2385,"(19.569702, -23.996096)"
2386,"(17.855627, -22.691982)"
2387,"(18.768936, -23.887163)"
2388,"(19.557854, -24.24777)"
2389,"(27.387676, -34.44235)"
239,"(19.45262, -24.543)"
2390,"(20.155737, -24.98697)"
2391,"(37.010628, -46.850536)"
2392,"(19.254814, -24.24222)"
2393,"(17.85065, -22.385124)"
2394,"(41.299656, -61.000904)"
2395,"(17.261799, -21.504213)"
2396,"(17.283482, -21.98733)"
2397,"(35.67941, -42.219856)"
2398,"(17.139938, -22.470606)"
2399,"(19.701847, -24.65172)"
24,"(19.01084, -23.915808)"
240,"(21.955496, -28.017807)"
2400,"(28.598736, -39.211697)"
2401,"(23.95602, -30.341925)"
2402,"(18.42497, -23.444641)"
2403,"(28.139545, -42.29882)"
2404,"(41.777473, -54.48182)"
2405,"(34.546204, -40.073914)"
2406,"(18.552752, -24.044867)"
2407,"(43.009064, -47.131042)"
2408,"(22.962852, -29.54843)"
2409,"(18.929892, -23.847933)"
241,"(43.298664, -63.963146)"
2410,"(18.953787, -23.189915)"
2411,"(38.885063, -46.512882)"
2412,"(27.400997, -37.047134)"
2413,"(19.742817, -24.767633)"
2414,"(27.130854, -34.915466)"
2415,"(33.56124, -46.80266)"
2416,"(18.851353, -23.699636)"
2417,"(34.28652, -56.415432)"
2418,"(30.547695, -39.30331)"
2419,"(26.016817, -32.94436)"
242,"(20.622082, -27.923414)"
2420,"(19.443209, -24.587397)"
2421,"(19.780514, -24.816885)"
2422,"(33.47538, -42.83923)"
2423,"(19.786423, -24.604315)"
2424,"(18.598452, -23.631048)"
2425,"(38.473396, -51.40153)"
2426,"(16.306576, -20.4395)"
2427,"(19.564539, -24.501595)"
2428,"(18.81875, -23.338158)"
2429,"(16.275574, -22.371073)"
243,"(19.773668, -25.081541)"
2430,"(18.705914, -22.727919)"
2431,"(41.338573, -55.278862)"
2432,"(20.055685, -24.873026)"
2433,"(18.17569, -22.663946)"
2434,"(17.86815, -22.16371)"
2435,"(17.19173, -21.200172)"
2436,"(35.35849, -45.14613)"
2437,"(33.817184, -42.2735)"
2438,"(19.330313, -24.172953)"
2439,"(18.924442, -23.731657)"
244,"(19.968985, -24.915384)"
2440,"(50.532936, -65.08128)"
2441,"(32.613304, -40.750793)"
2442,"(50.502876, -67.86067)"
2443,"(17.364552, -23.07588)"
2444,"(19.995327, -24.799768)"
2445,"(16.557049, -20.687254)"
2446,"(58.52398, -73.03465)"
2447,"(17.587038, -22.531507)"
2448,"(19.120687, -24.043844)"
2449,"(25.44968, -35.9331)"
245,"(27.204205, -34.379425)"
2450,"(20.97062, -26.787798)"
2451,"(45.000217, -53.132805)"
2452,"(19.066315, -24.177626)"
2453,"(20.957598, -27.334925)"
2454,"(23.531002, -29.167402)"
2455,"(23.653576, -32.861168)"
2456,"(17.197756, -22.257292)"
2457,"(27.726034, -34.758976)"
2458,"(20.321636, -25.875513)"
2459,"(19.467138, -24.041544)"
246,"(25.723354, -32.62918)"
2460,"(37.17643, -46.87361)"
2461,"(16.542448, -21.261644)"
2462,"(33.55813, -42.852634)"
2463,"(26.585487, -39.68142)"
2464,"(19.284992, -24.373642)"
2465,"(20.16039, -25.105303)"
2466,"(18.652397, -23.116701)"
2467,"(19.39305, -24.64765)"
2468,"(34.676704, -45.16111)"
2469,"(20.286648, -25.055017)"
247,"(46.206142, -52.24356)"
2470,"(17.128971, -21.187166)"
2471,"(52.82083, -78.51665)"
2472,"(18.128527, -23.616585)"
2473,"(39.83909, -51.00235)"
2474,"(27.70597, -35.4356)"
2475,"(24.52202, -30.945047)"
2476,"(19.28436, -23.758665)"
2477,"(19.755472, -24.736752)"
2478,"(35.9579, -45.58503)"
2479,"(35.244682, -45.574425)"
248,"(23.083662, -33.143707)"
2480,"(17.531507, -21.689667)"
2481,"(35.636528, -45.440556)"
2482,"(28.964912, -36.58229)"
2483,"(71.562096, -81.635666)"
2484,"(19.739483, -23.901745)"
2485,"(17.916582, -22.695211)"
2486,"(19.325535, -24.040602)"
2487,"(87.56961, -96.88318)"
2488,"(26.442759, -33.23247)"
2489,"(35.06993, -45.46853)"
249,"(19.946232, -24.722128)"
2490,"(15.760148, -21.327744)"
2491,"(17.41081, -21.333261)"
2492,"(42.834106, -48.292862)"
2493,"(19.21761, -23.852272)"
2494,"(56.91651, -71.261665)"
2495,"(18.389896, -23.411089)"
2496,"(18.589245, -23.223362)"
2497,"(50.35531, -64.71246)"
2498,"(19.388788, -23.699266)"
2499,"(41.000565, -52.59223)"
25,"(17.782158, -23.53716)"
250,"(19.529074, -23.432796)"
2500,"(19.183151, -23.943182)"
2501,"(31.607304, -45.12667)"
2502,"(17.687035, -21.472054)"
2503,"(20.408587, -26.201311)"
2504,"(61.184677, -83.941956)"
2505,"(24.396154, -31.607353)"
2506,"(19.458961, -23.82414)"
2507,"(19.177319, -24.361303)"
2508,"(21.01147, -26.743896)"
2509,"(57.204174, -71.68832)"
251,"(19.186886, -24.280298)"
2510,"(21.731695, -28.511572)"
2511,"(18.532816, -24.023495)"
2512,"(26.757969, -34.493423)"
2513,"(25.770351, -33.284126)"
2514,"(22.216854, -28.06232)"
2515,"(34.366356, -56.49731)"
2516,"(33.421623, -42.263794)"
2517,"(18.331697, -22.977371)"
2518,"(16.811954, -21.40773)"
2519,"(27.580566, -42.78277)"
252,"(18.362026, -23.053514)"
2520,"(18.319393, -23.870539)"
2521,"(19.85933, -24.280226)"
2522,"(18.190033, -22.791607)"
2523,"(18.647686, -23.762594)"
2524,"(36.016003, -45.685596)"
2525,"(19.498953, -24.625711)"
2526,"(47.812134, -53.84196)"
2527,"(20.092424, -25.09137)"
2528,"(19.621338, -24.612076)"
2529,"(25.365963, -32.842186)"
253,"(18.832664, -23.896425)"
2530,"(17.968693, -22.590338)"
2531,"(27.44543, -34.341705)"
2532,"(42.881916, -58.789406)"
2533,"(23.563864, -29.12966)"
2534,"(37.32861, -46.259163)"
2535,"(20.133018, -25.240786)"
2536,"(45.21567, -61.39706)"
2537,"(20.173027, -24.929298)"
2538,"(29.477375, -46.18907)"
2539,"(28.500061, -36.554222)"
254,"(21.239332, -27.03565)"
2540,"(33.202038, -42.463425)"
2541,"(17.94293, -21.40033)"
2542,"(19.245344, -23.865248)"
2543,"(18.914717, -23.181967)"
2544,"(16.484509, -21.88832)"
2545,"(24.111567, -30.478483)"
2546,"(36.43903, -44.275314)"
2547,"(20.638287, -29.129183)"
2548,"(18.553185, -23.055315)"
2549,"(34.462563, -44.187607)"
255,"(20.955675, -26.777163)"
2550,"(20.538761, -29.042028)"
2551,"(24.854277, -31.888521)"
2552,"(45.270504, -53.229008)"
2553,"(23.903448, -33.158203)"
2554,"(34.78499, -45.168694)"
2555,"(19.502605, -24.210432)"
2556,"(35.226067, -45.08349)"
2557,"(17.780445, -22.36355)"
2558,"(18.801672, -23.271357)"
2559,"(17.47228, -22.52294)"
256,"(22.807453, -29.237274)"
2560,"(24.512707, -31.407587)"
2561,"(22.331837, -28.8811)"
2562,"(18.04696, -23.657732)"
2563,"(24.195885, -31.011536)"
2564,"(19.627766, -24.572252)"
2565,"(23.819633, -30.056452)"
2566,"(31.420122, -46.071712)"
2567,"(20.11572, -24.63444)"
2568,"(22.653349, -29.593899)"
2569,"(20.783257, -29.15684)"
257,"(18.892727, -24.104748)"
2570,"(19.476595, -24.707178)"
2571,"(19.59095, -24.788816)"
2572,"(68.32947, -100.82876)"
2573,"(40.79845, -46.697517)"
2574,"(18.711794, -23.047995)"
2575,"(23.730568, -33.049114)"
2576,"(27.947296, -35.69696)"
2577,"(23.6472, -29.906332)"
2578,"(19.657192, -24.890337)"
2579,"(18.003586, -22.599733)"
258,"(18.228127, -23.04441)"
2580,"(21.204601, -27.122158)"
2581,"(21.136953, -26.988997)"
2582,"(25.169779, -32.987396)"
2583,"(17.236162, -22.947084)"
2584,"(19.666668, -24.575974)"
2585,"(44.439045, -56.258247)"
2586,"(17.944155, -21.611986)"
2587,"(44.57852, -53.21295)"
2588,"(21.291725, -26.99866)"
2589,"(17.119188, -22.560091)"
259,"(44.38286, -52.852474)"
2590,"(27.643192, -35.292698)"
2591,"(32.997547, -42.2959)"
2592,"(19.669348, -24.648859)"
2593,"(29.700943, -37.780167)"
2594,"(26.683527, -35.39445)"
2595,"(19.668892, -24.744608)"
2596,"(16.455334, -19.617403)"
2597,"(18.205776, -23.767103)"
2598,"(28.377419, -41.304443)"
2599,"(60.86316, -83.12791)"
26,"(44.893536, -52.89862)"
260,"(16.678791, -21.232792)"
2600,"(40.90644, -46.778618)"
2601,"(36.280483, -52.45648)"
2602,"(18.745161, -23.570059)"
2603,"(20.181559, -24.537447)"
2604,"(18.628235, -23.439589)"
2605,"(19.546267, -24.577032)"
2606,"(18.72851, -23.467169)"
2607,"(19.453295, -24.08624)"
2608,"(17.403563, -21.824537)"
2609,"(21.010696, -26.76887)"
261,"(15.761269, -18.987352)"
2610,"(34.65943, -39.250626)"
2611,"(49.839684, -63.521446)"
2612,"(43.040546, -49.693394)"
2613,"(47.30275, -59.372074)"
2614,"(19.560598, -24.436094)"
2615,"(21.504665, -27.926872)"
2616,"(19.929558, -24.858728)"
2617,"(37.39431, -46.826603)"
2618,"(37.23062, -47.163383)"
2619,"(19.910656, -24.855646)"
262,"(51.618805, -57.18083)"
2620,"(44.74273, -52.781273)"
2621,"(36.153984, -42.716007)"
2622,"(19.11045, -23.970554)"
2623,"(23.257986, -28.991758)"
2624,"(18.713747, -23.676573)"
2625,"(18.803066, -23.772837)"
2626,"(17.423182, -21.891642)"
2627,"(38.177666, -45.604485)"
2628,"(23.778807, -29.928673)"
2629,"(18.96339, -23.426126)"
263,"(18.947693, -23.784992)"
2630,"(21.538738, -27.439222)"
2631,"(18.379272, -22.59641)"
2632,"(20.445656, -26.242422)"
2633,"(18.721523, -23.494167)"
2634,"(17.471445, -22.076687)"
2635,"(23.754622, -29.96171)"
2636,"(80.48386, -99.91922)"
2637,"(18.980846, -23.214798)"
2638,"(18.852976, -23.699942)"
2639,"(31.267916, -41.434124)"
264,"(17.736801, -22.345503)"
2640,"(28.602753, -36.56478)"
2641,"(47.101284, -59.337784)"
2642,"(19.76273, -24.739845)"
2643,"(24.545418, -29.968868)"
2644,"(37.362457, -49.93738)"
2645,"(24.916285, -32.30422)"
2646,"(19.241068, -23.995918)"
2647,"(61.693626, -67.82984)"
2648,"(23.63572, -31.820461)"
2649,"(39.3264, -49.676437)"
265,"(17.930714, -22.522875)"
2650,"(25.34771, -35.864098)"
2651,"(18.470947, -23.084406)"
2652,"(45.14663, -61.40045)"
2653,"(18.382442, -23.868895)"
2654,"(44.462357, -53.189667)"
2655,"(19.170532, -24.39726)"
2656,"(24.89024, -34.60386)"
2657,"(17.12619, -22.086903)"
2658,"(22.77575, -30.78008)"
2659,"(19.272604, -24.317293)"
266,"(17.890762, -23.481266)"
2660,"(61.73327, -67.916115)"
2661,"(29.157948, -38.788853)"
2662,"(19.676731, -24.735502)"
2663,"(19.255463, -24.312319)"
2664,"(18.543318, -23.25265)"
2665,"(19.683004, -24.582542)"
2666,"(31.55887, -40.036865)"
2667,"(23.464083, -30.31344)"
2668,"(17.397594, -21.91124)"
2669,"(29.169518, -39.292107)"
267,"(49.55098, -67.97339)"
2670,"(20.96177, -30.738409)"
2671,"(19.9199, -23.9742)"
2672,"(19.434235, -23.904087)"
2673,"(33.80095, -42.284744)"
2674,"(28.433636, -36.378105)"
2675,"(15.30593, -19.452211)"
2676,"(44.207676, -52.920776)"
2677,"(19.387245, -24.181955)"
2678,"(19.39084, -24.30273)"
2679,"(15.8649645, -19.864632)"
268,"(35.433994, -43.16076)"
2680,"(18.82311, -23.730259)"
2681,"(56.84154, -71.296875)"
2682,"(19.937992, -24.786192)"
2683,"(45.015835, -52.936115)"
2684,"(25.60403, -37.406315)"
2685,"(20.075375, -25.25046)"
2686,"(20.388737, -26.259573)"
2687,"(17.49108, -21.267277)"
2688,"(37.692825, -49.627693)"
2689,"(20.194088, -25.301046)"
269,"(16.849728, -21.415588)"
2690,"(20.212587, -25.065939)"
2691,"(33.893436, -52.26686)"
2692,"(39.334557, -45.202236)"
2693,"(18.815475, -23.673367)"
2694,"(18.820961, -22.830032)"
2695,"(34.7456, -45.113415)"
2696,"(32.35314, -42.995052)"
2697,"(45.873447, -52.25916)"
2698,"(18.74842, -23.58112)"
2699,"(35.740532, -42.28793)"
27,"(37.105564, -44.018482)"
270,"(19.265553, -24.250513)"
2700,"(19.084606, -24.23382)"
2701,"(23.97629, -30.275278)"
2702,"(19.145517, -23.938179)"
2703,"(23.302032, -31.873005)"
2704,"(20.941528, -26.700499)"
2705,"(16.604782, -20.840298)"
2706,"(19.768192, -24.780409)"
2707,"(18.807016, -22.761442)"
2708,"(27.479404, -37.560986)"
2709,"(24.54614, -31.369831)"
271,"(16.894337, -20.862526)"
2710,"(45.960922, -52.14372)"
2711,"(19.193855, -24.2389)"
2712,"(15.377406, -19.46352)"
2713,"(33.470364, -47.582813)"
2714,"(54.39928, -60.451954)"
2715,"(45.322014, -53.337162)"
2716,"(30.861095, -48.017357)"
2717,"(16.108006, -21.819366)"
2718,"(44.806328, -62.124325)"
2719,"(23.280828, -28.884676)"
272,"(50.317528, -64.87568)"
2720,"(19.534777, -24.504251)"
2721,"(16.949736, -21.447319)"
2722,"(38.816753, -46.388756)"
2723,"(20.16641, -24.864569)"
2724,"(16.209003, -21.628351)"
2725,"(31.624916, -42.50166)"
2726,"(36.91492, -46.81054)"
2727,"(40.937637, -52.504967)"
2728,"(37.833466, -55.168915)"
2729,"(22.57014, -28.362537)"
273,"(36.982536, -48.40239)"
2730,"(37.247116, -45.221222)"
2731,"(19.212673, -24.247017)"
2732,"(21.776924, -33.76435)"
2733,"(25.431753, -33.111015)"
2734,"(16.63832, -22.628489)"
2735,"(39.190376, -49.42063)"
2736,"(35.863182, -42.396816)"
2737,"(19.947567, -24.852835)"
2738,"(18.98682, -23.983065)"
2739,"(37.033257, -46.35724)"
274,"(59.03063, -86.083336)"
2740,"(19.990234, -24.763859)"
2741,"(19.709652, -24.55949)"
2742,"(19.736893, -24.740168)"
2743,"(19.32383, -24.384672)"
2744,"(19.141811, -24.283636)"
2745,"(35.706226, -42.325634)"
2746,"(19.902168, -24.890265)"
2747,"(18.589905, -23.636206)"
2748,"(20.327045, -25.103998)"
2749,"(19.641762, -24.612284)"
275,"(71.787994, -73.192726)"
2750,"(19.433971, -24.686274)"
2751,"(17.464542, -21.75011)"
2752,"(19.182068, -24.22059)"
2753,"(50.544037, -65.06706)"
2754,"(19.702835, -24.716545)"
2755,"(19.423489, -24.649666)"
2756,"(18.866095, -23.67681)"
2757,"(45.33717, -53.15111)"
2758,"(22.617674, -28.183252)"
2759,"(29.479784, -43.25003)"
276,"(16.739714, -21.247726)"
2760,"(30.087242, -35.14447)"
2761,"(18.987808, -23.93596)"
2762,"(25.46521, -36.06576)"
2763,"(19.161707, -24.279865)"
2764,"(40.785583, -53.8987)"
2765,"(19.153238, -23.344883)"
2766,"(19.70455, -24.777706)"
2767,"(20.039085, -24.768)"
2768,"(23.44134, -29.035633)"
2769,"(16.441254, -21.94774)"
277,"(28.275913, -36.98094)"
2770,"(36.794395, -53.6512)"
2771,"(18.679598, -23.459082)"
2772,"(18.607918, -23.349909)"
2773,"(25.379608, -35.89039)"
2774,"(15.914441, -20.592722)"
2775,"(18.38431, -22.879673)"
2776,"(19.394382, -24.201283)"
2777,"(20.498987, -26.14578)"
2778,"(46.28724, -52.66275)"
2779,"(22.282492, -28.605082)"
278,"(19.938133, -24.859184)"
2780,"(18.939964, -23.486452)"
2781,"(19.188314, -24.37222)"
2782,"(31.801914, -42.610497)"
2783,"(55.55716, -64.099884)"
2784,"(19.769835, -24.579012)"
2785,"(19.120405, -23.652416)"
2786,"(20.79351, -26.917658)"
2787,"(55.900192, -64.55599)"
2788,"(18.989635, -24.01626)"
2789,"(37.96628, -41.951767)"
279,"(52.14913, -61.32263)"
2790,"(18.973166, -23.923887)"
2791,"(18.642942, -23.14063)"
2792,"(16.278214, -20.389282)"
2793,"(17.754913, -22.416414)"
2794,"(29.247416, -37.333935)"
2795,"(19.45676, -24.698803)"
2796,"(19.313492, -24.43847)"
2797,"(20.047571, -24.856709)"
2798,"(18.370556, -23.423851)"
2799,"(17.845024, -23.004782)"
28,"(19.400211, -24.609385)"
280,"(18.404306, -23.359064)"
2800,"(28.132736, -38.288258)"
2801,"(19.547722, -24.506552)"
2802,"(19.02415, -24.023077)"
2803,"(18.054438, -22.886068)"
2804,"(37.890137, -45.23259)"
2805,"(19.139065, -24.023558)"
2806,"(18.868853, -23.35504)"
2807,"(19.132673, -23.806068)"
2808,"(33.899796, -42.212082)"
2809,"(35.739, -43.708515)"
281,"(27.113338, -37.78183)"
2810,"(19.392193, -23.929863)"
2811,"(22.820198, -30.84822)"
2812,"(15.547034, -20.465952)"
2813,"(38.935226, -43.60241)"
2814,"(18.905436, -23.730402)"
2815,"(19.898832, -24.876417)"
2816,"(32.571953, -40.600365)"
2817,"(45.320087, -53.348892)"
2818,"(17.20605, -22.963549)"
2819,"(27.490725, -36.126144)"
282,"(19.134132, -23.958723)"
2820,"(19.037806, -24.053617)"
2821,"(19.203043, -24.303822)"
2822,"(48.062725, -59.066753)"
2823,"(21.395561, -27.294252)"
2824,"(50.533546, -64.9067)"
2825,"(19.018276, -23.780138)"
2826,"(34.86611, -39.637283)"
2827,"(18.041092, -23.294891)"
2828,"(38.07187, -61.85535)"
2829,"(19.04847, -24.14087)"
283,"(19.026134, -23.663355)"
2830,"(19.022848, -23.546291)"
2831,"(33.62383, -42.16783)"
2832,"(41.226524, -55.734673)"
2833,"(19.706871, -24.531345)"
2834,"(24.860268, -32.544266)"
2835,"(22.794905, -30.806196)"
2836,"(27.283092, -42.520798)"
2837,"(19.771797, -24.704782)"
2838,"(21.492245, -27.19819)"
2839,"(19.334064, -24.146738)"
284,"(19.816837, -24.725409)"
2840,"(23.267063, -29.045053)"
2841,"(19.207535, -24.256582)"
2842,"(34.022232, -42.40013)"
2843,"(18.688343, -23.448805)"
2844,"(20.14915, -25.160318)"
2845,"(19.404808, -24.327257)"
2846,"(18.124037, -23.686676)"
2847,"(55.36112, -64.01053)"
2848,"(19.325161, -24.366076)"
2849,"(21.032, -30.482805)"
285,"(43.93872, -57.68359)"
2850,"(18.42953, -22.944168)"
2851,"(68.65831, -101.422035)"
2852,"(18.900959, -24.117022)"
2853,"(24.088182, -30.132826)"
2854,"(19.112593, -23.53914)"
2855,"(19.615532, -24.508871)"
2856,"(19.079103, -23.74154)"
2857,"(20.021011, -25.162544)"
2858,"(18.717823, -23.391544)"
2859,"(18.221283, -23.210867)"
286,"(19.156563, -24.155067)"
2860,"(17.031214, -21.498251)"
2861,"(19.24115, -24.234415)"
2862,"(18.520359, -23.149088)"
2863,"(40.709023, -52.287987)"
2864,"(33.881073, -42.364285)"
2865,"(23.615509, -29.798307)"
2866,"(22.70147, -29.29286)"
2867,"(61.41166, -67.52565)"
2868,"(19.837753, -24.889162)"
2869,"(18.847149, -23.444887)"
287,"(40.47544, -51.575584)"
2870,"(19.946682, -24.817102)"
2871,"(61.983627, -68.00194)"
2872,"(20.08489, -24.376707)"
2873,"(18.377909, -23.868307)"
2874,"(15.647214, -20.853481)"
2875,"(40.04051, -57.313126)"
2876,"(28.9127, -42.071033)"
2877,"(27.071714, -34.719437)"
2878,"(18.906937, -22.205898)"
2879,"(19.628088, -24.723087)"
288,"(35.852978, -47.314705)"
2880,"(27.687155, -38.26709)"
2881,"(18.711786, -23.796656)"
2882,"(19.859444, -24.743696)"
2883,"(20.039455, -24.819067)"
2884,"(35.97189, -45.56303)"
2885,"(35.697628, -46.23665)"
2886,"(17.011847, -20.188402)"
2887,"(17.760384, -22.620115)"
2888,"(48.43048, -65.40893)"
2889,"(50.050556, -57.85394)"
289,"(24.262594, -30.96781)"
2890,"(44.162987, -48.225616)"
2891,"(15.764304, -21.320642)"
2892,"(28.88009, -42.2294)"
2893,"(20.00431, -24.923138)"
2894,"(19.992401, -24.92768)"
2895,"(33.666462, -47.20973)"
2896,"(18.649254, -23.40066)"
2897,"(20.416512, -26.23292)"
2898,"(25.260334, -32.704716)"
2899,"(20.463293, -28.67596)"
29,"(45.218037, -66.14048)"
290,"(15.77539, -21.500086)"
2900,"(19.19897, -24.32433)"
2901,"(22.278795, -29.259268)"
2902,"(20.13115, -25.131165)"
2903,"(32.827763, -40.97516)"
2904,"(21.001768, -27.745764)"
2905,"(19.056316, -24.219894)"
2906,"(17.7257, -22.128952)"
2907,"(27.722342, -38.015633)"
2908,"(22.60411, -28.249846)"
2909,"(20.083338, -25.192905)"
291,"(45.383003, -66.64908)"
2910,"(32.3314, -36.914913)"
2911,"(21.302479, -27.18781)"
2912,"(19.909245, -24.916353)"
2913,"(21.252764, -27.08699)"
2914,"(19.6508, -23.578526)"
2915,"(18.858078, -23.634882)"
2916,"(18.121817, -23.750769)"
2917,"(18.38172, -23.027012)"
2918,"(28.921906, -37.038597)"
2919,"(19.154583, -23.778896)"
292,"(38.459778, -55.839794)"
2920,"(19.375872, -23.797003)"
2921,"(27.840048, -35.444176)"
2922,"(17.890682, -22.678434)"
2923,"(17.80887, -23.60462)"
2924,"(19.312191, -23.915112)"
2925,"(68.193634, -81.42685)"
2926,"(56.837498, -71.48835)"
2927,"(29.716602, -38.870796)"
2928,"(24.611378, -36.598923)"
2929,"(18.493132, -23.089075)"
293,"(59.500923, -80.19135)"
2930,"(19.441338, -24.608751)"
2931,"(19.152983, -24.075445)"
2932,"(41.57461, -54.08767)"
2933,"(57.038414, -71.35844)"
2934,"(20.072903, -24.624931)"
2935,"(24.298454, -35.32383)"
2936,"(87.05351, -97.50039)"
2937,"(20.666985, -29.13896)"
2938,"(19.373264, -23.756609)"
2939,"(29.647022, -41.997425)"
294,"(20.829117, -26.521482)"
2940,"(28.447668, -38.04015)"
2941,"(18.829435, -23.334152)"
2942,"(35.514717, -49.69555)"
2943,"(19.865421, -24.783148)"
2944,"(21.747765, -33.319714)"
2945,"(16.759823, -21.690845)"
2946,"(23.428759, -32.424255)"
2947,"(16.222876, -18.456425)"
2948,"(23.802603, -33.099426)"
2949,"(27.481213, -35.18673)"
295,"(19.8329, -24.794207)"
2950,"(19.871159, -23.861837)"
2951,"(19.318144, -24.06671)"
2952,"(35.81822, -45.45262)"
2953,"(25.413332, -37.7059)"
2954,"(39.105606, -43.16191)"
2955,"(17.23098, -23.095638)"
2956,"(45.87162, -52.16767)"
2957,"(18.295885, -23.272032)"
2958,"(25.440447, -32.792706)"
2959,"(19.039053, -23.441751)"
296,"(20.344946, -24.855925)"
2960,"(22.022062, -28.315542)"
2961,"(19.385992, -24.538177)"
2962,"(27.02673, -35.563297)"
2963,"(19.311058, -24.309202)"
2964,"(35.303905, -44.931355)"
2965,"(18.66587, -23.538311)"
2966,"(36.530285, -44.389328)"
2967,"(41.80082, -45.979424)"
2968,"(38.844894, -51.20675)"
2969,"(16.006, -21.270725)"
297,"(15.921437, -20.241764)"
2970,"(23.847616, -30.563927)"
2971,"(19.194828, -24.080378)"
2972,"(44.16029, -52.757786)"
2973,"(17.313217, -22.42212)"
2974,"(26.048462, -32.968693)"
2975,"(18.555157, -23.21616)"
2976,"(19.19194, -24.286428)"
2977,"(19.80944, -24.688559)"
2978,"(24.609497, -30.109634)"
2979,"(18.808731, -23.99403)"
298,"(20.295977, -26.144901)"
2980,"(37.284763, -46.501286)"
2981,"(19.888645, -24.854734)"
2982,"(18.757462, -23.632702)"
2983,"(16.75341, -21.497297)"
2984,"(25.97839, -37.80867)"
2985,"(19.401506, -24.216059)"
2986,"(40.861202, -55.668217)"
2987,"(19.648222, -24.364895)"
2988,"(19.740536, -24.651495)"
2989,"(43.796463, -55.57117)"
299,"(30.835289, -47.103924)"
2990,"(34.681232, -51.55594)"
2991,"(18.078804, -22.590773)"
2992,"(23.336573, -29.153193)"
2993,"(19.60173, -24.558619)"
2994,"(27.590305, -34.56199)"
2995,"(17.51182, -22.467358)"
2996,"(30.328686, -39.56984)"
2997,"(19.129965, -23.748446)"
2998,"(34.74888, -44.864132)"
2999,"(44.232414, -59.65222)"
3,"(22.433584, -28.696163)"
30,"(18.819586, -23.635431)"
300,"(28.987192, -42.270866)"
3000,"(17.984234, -22.82875)"
301,"(16.982632, -21.230976)"
302,"(18.842384, -23.802706)"
303,"(32.548225, -43.67493)"
304,"(19.4211, -24.090874)"
305,"(18.703499, -23.828083)"
306,"(16.745289, -22.154875)"
307,"(46.273018, -52.526142)"
308,"(26.431847, -33.66761)"
309,"(18.252033, -23.32931)"
31,"(28.284529, -40.990734)"
310,"(19.382242, -23.454803)"
311,"(26.988785, -35.08767)"
312,"(19.288834, -24.29592)"
313,"(30.082674, -41.49802)"
314,"(17.243526, -20.235308)"
315,"(43.057346, -63.834568)"
316,"(29.87778, -38.900375)"
317,"(27.440239, -37.36149)"
318,"(15.600692, -18.876623)"
319,"(19.761724, -24.813448)"
32,"(40.49436, -45.238625)"
320,"(34.54779, -44.298935)"
321,"(19.569498, -24.61928)"
322,"(18.932285, -23.8399)"
323,"(18.904072, -23.818233)"
324,"(17.94487, -23.56088)"
325,"(45.690037, -52.029724)"
326,"(35.85451, -45.516975)"
327,"(19.400515, -24.189217)"
328,"(16.986753, -22.889713)"
329,"(31.356932, -36.993145)"
33,"(29.005978, -37.078293)"
330,"(18.721716, -24.014347)"
331,"(44.192078, -55.907913)"
332,"(19.866045, -24.81152)"
333,"(30.636206, -40.012863)"
334,"(18.963724, -24.126509)"
335,"(37.023933, -40.543613)"
336,"(19.093128, -24.18195)"
337,"(39.261086, -43.856773)"
338,"(17.606295, -22.406706)"
339,"(19.422794, -23.882786)"
34,"(29.131145, -40.481045)"
340,"(25.193508, -32.769077)"
341,"(18.810122, -24.07805)"
342,"(26.481035, -34.960438)"
343,"(32.60795, -40.761005)"
344,"(19.639538, -24.715368)"
345,"(18.949675, -23.99903)"
346,"(19.268154, -24.12581)"
347,"(18.34479, -22.762888)"
348,"(22.75013, -31.76469)"
349,"(18.959063, -24.233648)"
35,"(20.023172, -25.073)"
350,"(29.640717, -37.887897)"
351,"(26.319237, -34.698006)"
352,"(19.683157, -24.536505)"
353,"(19.58066, -24.262463)"
354,"(20.829704, -26.496773)"
355,"(34.975876, -40.617237)"
356,"(19.798397, -24.83623)"
357,"(20.73505, -26.881205)"
358,"(18.790567, -23.535173)"
359,"(19.333982, -24.137802)"
36,"(40.7269, -51.099483)"
360,"(19.726408, -24.231066)"
361,"(24.748928, -36.825165)"
362,"(20.127558, -24.878897)"
363,"(14.047275, -18.500156)"
364,"(29.793133, -37.69247)"
365,"(20.284256, -24.834806)"
366,"(17.97505, -22.554918)"
367,"(19.117775, -23.820024)"
368,"(18.072895, -22.600405)"
369,"(19.025185, -23.427916)"
37,"(26.230488, -33.69492)"
370,"(27.838715, -35.45935)"
371,"(19.69171, -24.472822)"
372,"(18.787912, -23.501448)"
373,"(20.052902, -24.885252)"
374,"(22.98602, -29.943737)"
375,"(53.286526, -54.55993)"
376,"(17.077637, -20.652279)"
377,"(29.70411, -39.643566)"
378,"(19.753633, -24.736063)"
379,"(19.472631, -23.79752)"
38,"(17.272203, -21.725079)"
380,"(36.961594, -46.926975)"
381,"(23.84932, -31.129164)"
382,"(46.533436, -61.357548)"
383,"(18.65632, -22.68538)"
384,"(32.839695, -40.93484)"
385,"(38.810757, -49.04245)"
386,"(16.138546, -20.190924)"
387,"(39.35186, -45.13266)"
388,"(19.46317, -24.283758)"
389,"(31.194221, -36.773388)"
39,"(18.255844, -23.37034)"
390,"(18.717005, -23.806498)"
391,"(26.605888, -34.06051)"
392,"(17.69562, -20.990297)"
393,"(42.816696, -57.597248)"
394,"(19.702003, -24.581114)"
395,"(19.58743, -24.721453)"
396,"(19.251396, -24.225336)"
397,"(18.869602, -23.963484)"
398,"(19.683273, -24.412115)"
399,"(19.671196, -24.624191)"
4,"(56.64042, -66.12245)"
40,"(20.227386, -24.635971)"
400,"(28.753643, -36.78657)"
401,"(16.377892, -20.641666)"
402,"(58.637062, -73.07475)"
403,"(27.852571, -43.100468)"
404,"(18.476154, -23.206038)"
405,"(41.35532, -53.844666)"
406,"(18.673466, -23.719053)"
407,"(20.644989, -26.42027)"
408,"(22.238377, -28.278463)"
409,"(33.96501, -38.591007)"
41,"(18.462088, -23.510477)"
410,"(37.108894, -53.930832)"
411,"(20.148285, -25.7046)"
412,"(47.761616, -53.730423)"
413,"(53.446896, -54.772556)"
414,"(31.703354, -42.297127)"
415,"(44.183136, -59.505695)"
416,"(54.73181, -63.39095)"
417,"(18.21662, -21.606672)"
418,"(20.037449, -25.046198)"
419,"(23.198076, -29.591118)"
42,"(37.833378, -45.315224)"
420,"(35.395233, -44.79922)"
421,"(19.173313, -24.472868)"
422,"(19.706089, -24.591394)"
423,"(32.69883, -41.00847)"
424,"(23.805113, -33.481594)"
425,"(19.575268, -24.656626)"
426,"(18.307198, -23.527683)"
427,"(18.763927, -23.940886)"
428,"(18.809807, -23.560425)"
429,"(23.711014, -33.002186)"
43,"(18.487259, -23.259956)"
430,"(18.691036, -23.510841)"
431,"(25.454132, -34.127647)"
432,"(26.234581, -33.51802)"
433,"(29.293043, -45.910034)"
434,"(19.779848, -24.57607)"
435,"(23.631676, -30.278906)"
436,"(38.971794, -43.581924)"
437,"(19.166615, -24.313337)"
438,"(56.09893, -65.69037)"
439,"(27.279263, -36.103485)"
44,"(28.218664, -36.187344)"
440,"(35.611397, -45.09029)"
441,"(36.32518, -51.147217)"
442,"(28.74535, -40.097042)"
443,"(40.036278, -47.10245)"
444,"(24.415586, -35.435833)"
445,"(17.214989, -23.139158)"
446,"(19.075647, -23.740696)"
447,"(25.507488, -32.63541)"
448,"(20.137312, -24.985996)"
449,"(40.659927, -52.14836)"
45,"(31.901098, -42.51123)"
450,"(52.844055, -65.99832)"
451,"(20.005217, -24.9084)"
452,"(19.53662, -24.170385)"
453,"(37.021492, -44.950005)"
454,"(22.929585, -28.311707)"
455,"(17.695131, -21.482214)"
456,"(19.710651, -24.833752)"
457,"(17.725946, -22.267946)"
458,"(19.29264, -24.349028)"
459,"(36.246925, -44.10612)"
46,"(27.812168, -38.33136)"
460,"(21.336334, -27.077421)"
461,"(29.854105, -34.943604)"
462,"(24.33126, -31.045263)"
463,"(19.142826, -23.847013)"
464,"(19.679718, -24.529177)"
465,"(17.21846, -21.478636)"
466,"(19.048191, -23.984877)"
467,"(49.966286, -63.647167)"
468,"(19.994576, -24.954681)"
469,"(18.489048, -22.82694)"
47,"(29.489029, -37.630947)"
470,"(20.66657, -26.503342)"
471,"(41.10553, -45.319176)"
472,"(18.900358, -23.96515)"
473,"(18.445032, -23.879496)"
474,"(19.5506, -24.536547)"
475,"(40.151363, -50.805634)"
476,"(27.605787, -39.12072)"
477,"(34.07583, -40.98561)"
478,"(22.293829, -28.097239)"
479,"(44.003, -48.14879)"
48,"(19.653442, -24.608232)"
480,"(18.54211, -23.301228)"
481,"(35.521378, -46.100773)"
482,"(19.3049, -24.429848)"
483,"(16.624205, -20.82364)"
484,"(18.964397, -23.280552)"
485,"(18.346243, -23.817972)"
486,"(16.776186, -20.986647)"
487,"(19.653719, -24.584402)"
488,"(26.979004, -35.69779)"
489,"(42.97496, -58.76316)"
49,"(28.00664, -37.873055)"
490,"(40.732113, -51.164944)"
491,"(36.98366, -40.43885)"
492,"(47.166824, -59.1635)"
493,"(18.607697, -23.206427)"
494,"(31.756744, -42.24816)"
495,"(39.12345, -46.611057)"
496,"(18.68128, -23.128414)"
497,"(33.87493, -40.763897)"
498,"(21.646172, -28.075209)"
499,"(39.423706, -46.882637)"
5,"(18.635576, -22.455223)"
50,"(19.941818, -24.79793)"
500,"(18.89641, -23.83596)"
501,"(28.713459, -36.6711)"
502,"(19.471916, -24.108135)"
503,"(18.772007, -23.02923)"
504,"(30.506824, -42.63504)"
505,"(25.618324, -32.257687)"
506,"(19.763433, -25.003223)"
507,"(44.95805, -65.864624)"
508,"(18.00571, -23.667177)"
509,"(19.36281, -23.737328)"
51,"(25.091232, -35.214714)"
510,"(24.01557, -30.729689)"
511,"(23.83961, -32.89795)"
512,"(27.426605, -34.60366)"
513,"(33.894386, -40.818947)"
514,"(18.932455, -23.995897)"
515,"(19.673832, -24.61619)"
516,"(16.495249, -22.12601)"
517,"(31.438442, -44.89512)"
518,"(19.216309, -24.302975)"
519,"(19.662436, -24.475592)"
52,"(19.333866, -24.15302)"
520,"(28.958633, -42.16682)"
521,"(19.896395, -24.803558)"
522,"(37.237793, -40.7163)"
523,"(38.03932, -41.429554)"
524,"(24.306728, -30.613203)"
525,"(28.40686, -37.62637)"
526,"(19.661644, -24.731615)"
527,"(34.835075, -45.41667)"
528,"(19.57166, -24.551619)"
529,"(31.491764, -42.236313)"
53,"(18.566284, -24.079914)"
530,"(36.57814, -44.42327)"
531,"(18.624413, -23.678926)"
532,"(20.770514, -26.892534)"
533,"(25.899654, -33.131866)"
534,"(34.828537, -40.374897)"
535,"(20.572586, -29.03695)"
536,"(18.679007, -23.155699)"
537,"(43.263775, -48.674126)"
538,"(19.73776, -24.580397)"
539,"(19.270948, -24.097872)"
54,"(19.223118, -24.065742)"
540,"(27.582249, -34.47998)"
541,"(27.031162, -34.84245)"
542,"(20.039259, -24.814407)"
543,"(18.375772, -23.879927)"
544,"(35.696, -45.385223)"
545,"(24.462847, -31.236414)"
546,"(17.45721, -23.217537)"
547,"(17.931707, -21.999437)"
548,"(22.927462, -28.371096)"
549,"(17.332127, -22.69066)"
55,"(18.509996, -23.256248)"
550,"(21.359718, -27.137838)"
551,"(18.581846, -23.500128)"
552,"(15.004636, -20.349277)"
553,"(19.88712, -24.79318)"
554,"(18.223671, -23.273315)"
555,"(48.614357, -62.08493)"
556,"(22.951118, -33.02729)"
557,"(20.818607, -26.549925)"
558,"(19.444843, -24.557192)"
559,"(18.995909, -24.036428)"
56,"(51.097126, -55.87486)"
560,"(19.139797, -23.75305)"
561,"(19.312777, -23.650736)"
562,"(21.094202, -26.745464)"
563,"(19.710787, -24.320328)"
564,"(44.15764, -52.799297)"
565,"(18.821236, -22.70687)"
566,"(20.963324, -26.740633)"
567,"(18.568348, -23.676357)"
568,"(24.150433, -30.523455)"
569,"(39.94155, -53.33626)"
57,"(23.245514, -33.479153)"
570,"(19.622232, -24.58128)"
571,"(23.359795, -31.257616)"
572,"(21.350494, -27.237652)"
573,"(22.558283, -28.23169)"
574,"(21.019224, -26.829458)"
575,"(31.921951, -40.273266)"
576,"(18.2677, -23.328753)"
577,"(32.595207, -41.474506)"
578,"(18.706213, -23.595917)"
579,"(18.72613, -23.28483)"
58,"(16.39212, -18.654297)"
580,"(29.276016, -47.108147)"
581,"(21.984663, -33.97932)"
582,"(35.699936, -45.463795)"
583,"(40.41697, -51.78459)"
584,"(41.008728, -53.128357)"
585,"(25.58339, -34.35199)"
586,"(19.568703, -23.926323)"
587,"(18.152422, -22.68039)"
588,"(34.563133, -44.201836)"
589,"(20.770288, -26.53955)"
59,"(19.22626, -23.724703)"
590,"(65.0863, -74.6502)"
591,"(31.290867, -36.971962)"
592,"(19.652596, -24.46687)"
593,"(20.917747, -30.70844)"
594,"(19.924854, -25.473318)"
595,"(17.072445, -20.356195)"
596,"(16.835674, -21.030722)"
597,"(35.793095, -45.296772)"
598,"(19.821838, -24.85886)"
599,"(19.39574, -23.346977)"
6,"(18.791445, -23.259424)"
60,"(19.19354, -24.221754)"
600,"(36.535168, -42.04227)"
601,"(40.354332, -44.598637)"
602,"(31.94187, -36.98702)"
603,"(19.117386, -23.913683)"
604,"(19.962328, -25.002615)"
605,"(18.557076, -22.532934)"
606,"(17.31779, -20.304579)"
607,"(19.254314, -22.985487)"
608,"(18.92505, -23.95062)"
609,"(19.075645, -24.208342)"
61,"(20.039938, -25.072584)"
610,"(18.11027, -21.658352)"
611,"(24.379623, -30.712856)"
612,"(19.566729, -24.789385)"
613,"(18.366608, -23.898577)"
614,"(17.630745, -22.884531)"
615,"(18.62637, -23.392548)"
616,"(18.364754, -22.890604)"
617,"(38.90101, -46.28521)"
618,"(24.45324, -35.744057)"
619,"(37.572495, -46.69495)"
62,"(18.407593, -23.03317)"
620,"(18.562145, -22.366879)"
621,"(18.904041, -23.798817)"
622,"(21.413887, -27.87795)"
623,"(26.217472, -33.62339)"
624,"(26.247356, -35.58167)"
625,"(17.440384, -23.184153)"
626,"(41.43925, -53.97659)"
627,"(16.680096, -21.347437)"
628,"(25.345535, -35.90239)"
629,"(20.131966, -25.161985)"
63,"(24.296001, -30.643873)"
630,"(23.9251, -33.596462)"
631,"(18.8955, -23.15665)"
632,"(29.537304, -37.729706)"
633,"(23.057856, -30.109327)"
634,"(18.895123, -23.338903)"
635,"(19.624205, -24.380007)"
636,"(19.339886, -24.455763)"
637,"(38.014557, -53.81868)"
638,"(21.270433, -27.016459)"
639,"(20.842869, -27.6168)"
64,"(16.34069, -21.118095)"
640,"(32.53967, -40.67329)"
641,"(41.50405, -53.870667)"
642,"(27.365795, -35.27627)"
643,"(35.91995, -43.832306)"
644,"(33.292416, -39.568905)"
645,"(19.723265, -24.679014)"
646,"(66.89005, -90.12253)"
647,"(19.584373, -24.70093)"
648,"(18.736984, -23.24965)"
649,"(39.883583, -51.203976)"
65,"(43.477634, -55.146057)"
650,"(19.96101, -24.902721)"
651,"(19.805067, -24.74917)"
652,"(35.609585, -45.447823)"
653,"(24.525303, -32.642593)"
654,"(24.52999, -31.39639)"
655,"(47.588024, -59.714863)"
656,"(19.129051, -23.705584)"
657,"(17.023726, -21.958717)"
658,"(19.102106, -24.037912)"
659,"(18.24404, -23.73501)"
66,"(29.09328, -37.08418)"
660,"(29.088875, -40.391674)"
661,"(43.13658, -63.95643)"
662,"(18.405521, -23.528572)"
663,"(38.023388, -45.413845)"
664,"(18.441927, -23.415712)"
665,"(20.014095, -24.393051)"
666,"(18.38102, -23.857353)"
667,"(19.054604, -24.021366)"
668,"(66.2784, -74.21376)"
669,"(47.07227, -59.282852)"
67,"(19.940996, -24.946384)"
670,"(17.407942, -20.301968)"
671,"(18.0396, -23.561857)"
672,"(18.809212, -23.619114)"
673,"(19.516663, -24.658392)"
674,"(19.257069, -23.623722)"
675,"(21.477728, -27.404806)"
676,"(19.731281, -24.557945)"
677,"(16.290154, -20.2011)"
678,"(35.864235, -51.78148)"
679,"(29.454674, -37.616463)"
68,"(16.783184, -20.919468)"
680,"(20.471966, -26.387491)"
681,"(19.275331, -24.467348)"
682,"(28.80986, -36.682983)"
683,"(70.59146, -72.09772)"
684,"(18.259861, -23.302826)"
685,"(33.732834, -38.41764)"
686,"(18.655745, -23.127625)"
687,"(18.987364, -23.722826)"
688,"(42.78974, -48.31348)"
689,"(16.899761, -20.023922)"
69,"(20.016052, -25.537764)"
690,"(19.306728, -24.047707)"
691,"(36.79064, -49.342552)"
692,"(31.072645, -41.219494)"
693,"(37.89598, -45.38208)"
694,"(19.754765, -24.702631)"
695,"(18.02158, -23.049952)"
696,"(20.145634, -25.247156)"
697,"(36.057835, -42.55574)"
698,"(28.034826, -38.49078)"
699,"(19.699604, -24.537989)"
7,"(18.175167, -23.980513)"
70,"(22.90237, -30.978788)"
700,"(18.911505, -23.920294)"
701,"(40.753384, -52.921135)"
702,"(25.68059, -35.10805)"
703,"(49.872517, -63.550667)"
704,"(19.331974, -24.44712)"
705,"(44.507584, -56.315056)"
706,"(19.829342, -24.958939)"
707,"(45.824524, -57.028786)"
708,"(35.733322, -42.3741)"
709,"(66.79112, -74.811264)"
71,"(19.276129, -23.62211)"
710,"(20.333914, -26.24564)"
711,"(23.74857, -30.393824)"
712,"(38.340233, -51.41628)"
713,"(24.849056, -34.458298)"
714,"(44.791584, -52.79857)"
715,"(25.175774, -36.66111)"
716,"(22.433105, -28.024023)"
717,"(22.180372, -27.71982)"
718,"(47.03873, -65.23896)"
719,"(19.135433, -24.207708)"
72,"(19.951736, -24.352057)"
720,"(23.290455, -29.043997)"
721,"(25.515602, -36.67233)"
722,"(31.960506, -36.983566)"
723,"(17.678127, -22.489145)"
724,"(18.243694, -23.17748)"
725,"(21.529203, -27.302341)"
726,"(21.480682, -28.236803)"
727,"(20.918028, -26.573637)"
728,"(18.098972, -22.42967)"
729,"(66.105156, -69.315735)"
73,"(22.154953, -27.841673)"
730,"(17.468124, -21.921904)"
731,"(19.887182, -25.15984)"
732,"(35.793438, -45.54579)"
733,"(18.616522, -22.820805)"
734,"(26.374344, -32.350525)"
735,"(19.400967, -23.970825)"
736,"(15.944087, -21.186481)"
737,"(19.590084, -24.374916)"
738,"(18.937563, -23.8928)"
739,"(18.411335, -23.334246)"
74,"(16.689692, -22.340532)"
740,"(18.733072, -23.8916)"
741,"(21.175137, -27.030336)"
742,"(41.122658, -45.333992)"
743,"(18.45465, -23.082148)"
744,"(26.106504, -33.576378)"
745,"(18.808668, -23.648342)"
746,"(15.137725, -20.592756)"
747,"(18.641666, -23.481384)"
748,"(18.583363, -23.394495)"
749,"(19.25153, -24.222826)"
75,"(21.396849, -27.226011)"
750,"(21.362309, -27.294992)"
751,"(45.85987, -67.02735)"
752,"(19.800379, -24.806765)"
753,"(31.835846, -37.616653)"
754,"(19.126488, -24.180254)"
755,"(19.891323, -24.910624)"
756,"(14.06364, -19.90228)"
757,"(19.020397, -24.10433)"
758,"(24.375845, -30.74763)"
759,"(18.691528, -22.53678)"
76,"(19.963303, -24.56228)"
760,"(19.213623, -23.946829)"
761,"(18.017372, -22.383827)"
762,"(19.76926, -23.804209)"
763,"(18.597065, -23.438116)"
764,"(20.218443, -25.299429)"
765,"(27.371952, -37.93136)"
766,"(19.13162, -23.944305)"
767,"(46.118347, -52.445683)"
768,"(19.656155, -24.832466)"
769,"(25.06443, -36.119274)"
77,"(32.860443, -41.091087)"
770,"(17.007616, -21.055838)"
771,"(19.63601, -24.593119)"
772,"(18.3852, -23.876272)"
773,"(19.390173, -24.488216)"
774,"(47.409126, -59.451187)"
775,"(37.113827, -50.16533)"
776,"(19.008121, -22.844885)"
777,"(20.61834, -26.52131)"
778,"(37.43055, -46.63257)"
779,"(29.89066, -35.014378)"
78,"(36.0113, -45.5911)"
780,"(16.698647, -22.695217)"
781,"(21.003265, -30.544712)"
782,"(26.5071, -34.056416)"
783,"(21.508776, -27.927664)"
784,"(18.950825, -23.797987)"
785,"(19.452396, -24.528978)"
786,"(19.983517, -24.924906)"
787,"(18.259663, -23.725807)"
788,"(31.177242, -36.764473)"
789,"(32.5495, -41.718193)"
79,"(19.564344, -24.339897)"
790,"(27.26335, -42.76063)"
791,"(22.70472, -31.759644)"
792,"(18.873018, -23.583544)"
793,"(39.092987, -46.5778)"
794,"(16.57415, -21.829401)"
795,"(18.886381, -23.897806)"
796,"(22.713314, -28.32467)"
797,"(31.981579, -37.721264)"
798,"(18.16027, -21.696772)"
799,"(49.9369, -63.576603)"
8,"(19.761501, -24.804388)"
80,"(19.569942, -24.6727)"
800,"(19.576397, -24.39272)"
801,"(20.140547, -25.022709)"
802,"(19.663258, -24.769999)"
803,"(19.672983, -24.563766)"
804,"(19.682154, -24.610432)"
805,"(21.095043, -26.870619)"
806,"(20.660816, -26.80062)"
807,"(19.775795, -24.84242)"
808,"(17.510513, -21.98232)"
809,"(19.309143, -23.778913)"
81,"(50.16922, -63.92536)"
810,"(20.058107, -24.879946)"
811,"(17.962608, -22.528162)"
812,"(37.888958, -55.25021)"
813,"(19.495443, -24.33856)"
814,"(18.619623, -22.955347)"
815,"(15.179544, -20.880388)"
816,"(38.555115, -46.180836)"
817,"(19.311596, -24.241312)"
818,"(47.88198, -53.764694)"
819,"(35.471073, -46.06807)"
82,"(37.55127, -49.961872)"
820,"(20.812729, -26.459555)"
821,"(55.200996, -60.704227)"
822,"(19.26194, -24.199362)"
823,"(39.35032, -45.154015)"
824,"(19.26043, -23.72529)"
825,"(19.319294, -23.765236)"
826,"(19.106369, -23.907354)"
827,"(39.66522, -47.09207)"
828,"(17.481892, -21.742197)"
829,"(18.188786, -22.692757)"
83,"(44.848522, -52.880154)"
830,"(19.80496, -24.630623)"
831,"(17.171532, -23.028831)"
832,"(18.869417, -22.77948)"
833,"(18.30928, -23.42014)"
834,"(42.139854, -52.709206)"
835,"(44.523438, -53.147804)"
836,"(18.601685, -23.463491)"
837,"(29.410725, -39.56643)"
838,"(17.974506, -21.365633)"
839,"(20.165913, -25.057068)"
84,"(24.254026, -35.190647)"
840,"(18.484627, -23.119099)"
841,"(14.139943, -19.717072)"
842,"(18.592731, -23.201239)"
843,"(40.122902, -50.541138)"
844,"(58.318863, -58.2873)"
845,"(19.589794, -24.483202)"
846,"(17.9934, -22.739515)"
847,"(19.117378, -24.148962)"
848,"(45.84857, -52.021103)"
849,"(19.703154, -24.46657)"
85,"(19.594225, -24.510828)"
850,"(22.950312, -28.885118)"
851,"(18.01241, -22.794508)"
852,"(17.45129, -21.751074)"
853,"(22.039438, -28.005117)"
854,"(19.843838, -24.790823)"
855,"(18.843912, -24.076254)"
856,"(18.26231, -23.368132)"
857,"(20.250134, -25.229717)"
858,"(20.609713, -25.634295)"
859,"(18.392258, -22.722057)"
86,"(15.984772, -20.70042)"
860,"(19.624626, -24.446157)"
861,"(19.80531, -24.807783)"
862,"(19.112583, -23.327257)"
863,"(19.843983, -24.825945)"
864,"(20.324314, -25.434446)"
865,"(19.737743, -24.89499)"
866,"(26.297035, -37.69798)"
867,"(18.00617, -21.327793)"
868,"(29.932362, -34.96045)"
869,"(43.21872, -48.714973)"
87,"(23.463114, -29.246653)"
870,"(40.15825, -54.237247)"
871,"(40.82178, -52.463898)"
872,"(18.77108, -23.597143)"
873,"(47.44523, -59.64049)"
874,"(19.045006, -23.891184)"
875,"(19.936485, -24.545542)"
876,"(34.27925, -44.98765)"
877,"(34.735725, -44.46044)"
878,"(19.427937, -23.731077)"
879,"(18.468994, -23.502794)"
88,"(19.580402, -24.15632)"
880,"(30.180338, -39.447372)"
881,"(37.150948, -53.941353)"
882,"(18.83015, -23.919985)"
883,"(18.888664, -23.34736)"
884,"(18.801485, -23.058733)"
885,"(19.864494, -24.655325)"
886,"(17.525875, -22.38513)"
887,"(40.52714, -45.30087)"
888,"(18.57241, -22.637272)"
889,"(35.353973, -45.176163)"
89,"(40.20378, -51.340736)"
890,"(22.83795, -28.277452)"
891,"(17.952396, -22.5273)"
892,"(31.295593, -38.285797)"
893,"(19.451122, -23.828226)"
894,"(42.28618, -55.89444)"
895,"(19.714529, -24.813955)"
896,"(27.931557, -35.97886)"
897,"(32.48017, -40.68073)"
898,"(18.876757, -24.01552)"
899,"(22.698301, -28.64088)"
9,"(21.324963, -27.230822)"
90,"(20.860615, -27.1954)"
900,"(19.371498, -24.499449)"
901,"(17.202053, -23.109259)"
902,"(19.798948, -24.796062)"
903,"(26.815718, -34.017998)"
904,"(18.932066, -23.691587)"
905,"(19.650288, -24.483892)"
906,"(18.784626, -23.839968)"
907,"(31.540594, -41.99366)"
908,"(19.865877, -25.081726)"
909,"(18.272041, -23.769863)"
91,"(22.11082, -28.81246)"
910,"(18.86103, -23.1731)"
911,"(19.75713, -24.457008)"
912,"(43.441727, -49.763107)"
913,"(44.752777, -52.711952)"
914,"(20.62562, -27.95431)"
915,"(23.88282, -33.693947)"
916,"(20.964777, -26.790535)"
917,"(20.108826, -24.604734)"
918,"(19.111406, -24.228552)"
919,"(50.68325, -65.19365)"
92,"(19.69075, -24.600367)"
920,"(18.529572, -23.625114)"
921,"(22.745817, -29.509827)"
922,"(39.501167, -45.354805)"
923,"(16.990711, -21.599165)"
924,"(17.178904, -20.945295)"
925,"(31.884361, -37.027493)"
926,"(19.87481, -24.870804)"
927,"(19.96395, -24.976841)"
928,"(23.72516, -32.784607)"
929,"(18.237564, -23.70211)"
93,"(34.013542, -40.992027)"
930,"(35.59475, -45.462036)"
931,"(17.769997, -21.630342)"
932,"(19.623207, -24.564623)"
933,"(19.563503, -24.158575)"
934,"(33.46008, -42.345318)"
935,"(39.25311, -49.49718)"
936,"(18.836418, -23.467806)"
937,"(19.821226, -24.657053)"
938,"(18.571133, -23.288744)"
939,"(16.563759, -21.52888)"
94,"(33.464863, -42.949944)"
940,"(19.8087, -24.729635)"
941,"(18.775787, -22.83015)"
942,"(61.374477, -67.66392)"
943,"(19.714031, -24.53587)"
944,"(19.950161, -25.028597)"
945,"(28.156357, -41.026485)"
946,"(18.7565, -23.554531)"
947,"(18.991413, -23.917503)"
948,"(15.064948, -20.41781)"
949,"(18.661251, -23.113203)"
95,"(19.59598, -23.926199)"
950,"(20.607113, -26.763443)"
951,"(33.346977, -42.758305)"
952,"(20.0194, -24.452723)"
953,"(35.86738, -42.586872)"
954,"(17.743681, -22.354494)"
955,"(29.384663, -42.48839)"
956,"(39.02765, -49.48288)"
957,"(25.918652, -33.328316)"
958,"(16.685284, -21.730295)"
959,"(19.687654, -24.558878)"
96,"(21.858301, -28.21783)"
960,"(20.224802, -24.94671)"
961,"(27.579998, -34.711475)"
962,"(34.31221, -44.838367)"
963,"(19.332598, -23.830439)"
964,"(20.774431, -27.1802)"
965,"(19.82651, -24.835033)"
966,"(20.128838, -24.852167)"
967,"(19.501911, -24.111252)"
968,"(17.623568, -22.218351)"
969,"(37.223198, -46.26448)"
97,"(18.073406, -22.62765)"
970,"(34.9972, -45.332848)"
971,"(16.590616, -18.978878)"
972,"(36.061836, -43.933006)"
973,"(18.281967, -23.301273)"
974,"(15.679699, -18.451136)"
975,"(19.470121, -24.10604)"
976,"(20.191652, -25.116913)"
977,"(19.722301, -24.65721)"
978,"(41.719433, -54.536503)"
979,"(42.920425, -63.58987)"
98,"(19.30495, -24.001534)"
980,"(47.359028, -59.34841)"
981,"(24.173126, -30.966547)"
982,"(32.16792, -37.847683)"
983,"(18.775063, -23.346794)"
984,"(20.145124, -24.960993)"
985,"(26.792683, -35.45083)"
986,"(37.20045, -46.248947)"
987,"(19.094765, -24.010674)"
988,"(19.251514, -23.9138)"
989,"(17.42854, -21.825613)"
99,"(18.867628, -23.732435)"
990,"(19.30149, -23.433104)"
991,"(15.918311, -21.729223)"
992,"(21.881105, -27.708925)"
993,"(16.305422, -20.20653)"
994,"(18.828644, -23.970673)"
995,"(19.768522, -24.560583)"
996,"(40.9319, -46.02617)"
997,"(36.48398, -44.277134)"
998,"(20.569849, -26.21408)"
999,"(23.754036, -32.928513)"
